user_id,exercise1,exercise2,exercise3,date,time,user_mbti
a2201,복싱,,,"월, 수, 목, 금, 일","이른 오전, 오전, 오후, 늦은 오후, 저녁, 밤",ENTP
a2202,풋살,,,"월, 화, 수, 금, 토",오후,ISFP
a2203,아이스스케이트,사이클,필라테스,"수, 금","이른 오전, 오후",ESFP
a2204,골프/스크린골프,요가,,"목, 금, 토, 일","이른 오전, 오전, 오후, 밤",ENFJ
a2205,주짓수,무에타이,,"수, 목","이른 오전, 오후, 늦은 오후, 저녁",ISFJ
a2206,러닝,크로스핏,,"월, 화, 수, 목, 금, 토, 일",오후,ENFJ
a2207,배구,,,"월, 화, 목, 토","이른 오전, 오전, 오후, 늦은 오후, 저녁, 밤",ISTP
a2208,필라테스,,,"월, 화, 수, 금, 토, 일","이른 오전, 늦은 오후, 밤",ISTP
a2209,스키,주짓수,축구,"월, 화, 수, 금, 일","이른 오전, 오전, 오후, 늦은 오후, 저녁",INTJ
a2210,서핑,크로스핏,,"금, 토, 일","이른 오전, 오전, 오후, 늦은 오후, 저녁, 밤",ENFP
a2211,발야구,탁구,스쿼시,"월, 수, 목, 금, 토, 일","이른 오전, 오전, 오후, 저녁, 밤",ESFP
a2212,골프/스크린골프,,,"월, 화, 수, 목, 금, 토, 일","오전, 밤",ENTJ
a2213,보드,,,"금, 일","오전, 오후, 저녁",ENFJ
a2214,풋살,아이스스케이트,,"월, 화, 목, 금, 일","이른 오전, 오전, 오후, 늦은 오후, 저녁, 밤",INFJ
a2215,등산,스키,탁구,"월, 수","이른 오전, 저녁",ISFP
a2216,마라톤,,,"월, 수, 목, 금, 토, 일","이른 오전, 오전, 오후, 늦은 오후, 저녁, 밤",INFJ
a2217,인라인스케이트,유도,테니스,"수, 목, 토, 일","오전, 오후, 늦은 오후, 저녁, 밤",ISFP
a2218,스키,볼링,주짓수,"월, 수, 목, 금, 토, 일",늦은 오후,ESTJ
a2219,러닝,,,"월, 화, 목, 토, 일","이른 오전, 오전, 늦은 오후, 저녁",ISFJ
a2220,스쿼시,,,"월, 수, 일",오전,ISFP
a2221,축구,주짓수,,"월, 목, 토",늦은 오후,ISFP
a2222,헬스,,,"월, 목, 금, 토",이른 오전,INFJ
a2223,축구,마라톤,,"월, 토","이른 오전, 오전, 오후, 늦은 오후, 저녁, 밤",INTP
a2224,보드,무에타이,볼링,"목, 금, 일",오전,ISTP
a2225,서핑,야구,크로스핏,"금, 일","오후, 늦은 오후, 저녁, 밤",ENTP
a2226,사이클,풋살,볼링,"월, 수, 토, 일",저녁,ESTP
a2227,요가,골프/스크린골프,아이스스케이트,"화, 금","이른 오전, 오전, 늦은 오후, 밤",ESFP
a2228,주짓수,,,"월, 화, 수, 목, 금, 토","이른 오전, 오전, 오후, 늦은 오후, 저녁, 밤",ESFP
a2229,볼링,테니스,,"화, 금, 일","오전, 늦은 오후, 저녁, 밤",ENFP
a2230,보드,농구,,"월, 수, 목, 금, 토, 일",이른 오전,ISFP
a2231,필라테스,,,"금, 토","이른 오전, 오전, 늦은 오후, 저녁, 밤",ESFJ
a2232,골프/스크린골프,,,"화, 수, 목, 금, 일","이른 오전, 오전, 오후, 늦은 오후, 저녁",ENTP
a2233,배구,태권도,수영,"월, 화, 수, 목, 금, 토, 일","오후, 밤",ESTJ
a2234,복싱,러닝,태권도,"월, 화, 수, 목, 금, 토, 일","오후, 늦은 오후",ISTJ
a2235,수영,주짓수,,"수, 토","이른 오전, 오후, 저녁",ENFP
a2236,피구,필라테스,마라톤,"월, 화, 수, 목",늦은 오후,ISFJ
a2237,클라이밍,,,"월, 화, 수, 목, 토, 일",밤,ENFP
a2238,볼링,등산,,"화, 금, 일",오후,ISTJ
a2239,풋살,,,"월, 화, 수, 토","늦은 오후, 밤",INTP
a2240,등산,아이스스케이트,주짓수,"목, 토","이른 오전, 오전, 오후, 저녁",ENTP
a2241,스노보드,피구,유도,"목, 일","오후, 저녁",ISFJ
a2242,클라이밍,,,목,"오후, 저녁",ENTP
a2243,요가,스노보드,등산,"월, 화, 수, 목, 금, 토, 일","오후, 밤",INFJ
a2244,농구,복싱,배드민턴,"월, 수, 목, 일","이른 오전, 오후, 늦은 오후, 저녁, 밤",ENFP
a2245,족구,요가,,"월, 금, 토",오후,ESTJ
a2246,탁구,수영,,"월, 수, 목, 토","오후, 저녁",ESFJ
a2247,헬스,족구,,"화, 목, 토, 일","오전, 오후, 저녁, 밤",ESTP
a2248,보드,,,"월, 화, 수, 목, 금, 토","오후, 늦은 오후",ISTP
a2249,주짓수,클라이밍,,"수, 금, 토, 일","이른 오전, 오전, 오후, 늦은 오후, 저녁, 밤",INFJ
a2250,탁구,축구,,"수, 토, 일","이른 오전, 늦은 오후",INTJ
a2251,러닝,,,"화, 수, 일","이른 오전, 오전, 오후, 늦은 오후, 저녁",ESTJ
a2252,테니스,러닝,클라이밍,"월, 목, 금, 토, 일",이른 오전,ENFJ
a2253,아이스스케이트,수영,풋살,"월, 화, 금","이른 오전, 오전, 오후, 늦은 오후, 밤",ESFP
a2254,수영,인라인스케이트,필라테스,"월, 화, 수, 목, 금, 토, 일","오전, 오후, 밤",ISTJ
a2255,스노보드,,,"화, 수, 목, 금, 일","이른 오전, 늦은 오후, 밤",ESTJ
a2256,주짓수,,,"월, 수, 금",이른 오전,INTJ
a2257,요가,,,"월, 수, 목, 금, 토, 일","오전, 저녁",INTP
a2258,러닝,스쿼시,보드,"목, 일","오전, 오후, 늦은 오후, 저녁, 밤",ENTP
a2259,서핑,주짓수,탁구,"월, 화, 수, 금, 토, 일","이른 오전, 오후, 밤",INTP
a2260,마라톤,,,일,"이른 오전, 오전, 오후, 늦은 오후, 저녁, 밤",ISFP
a2261,골프/스크린골프,주짓수,,"월, 화, 일","이른 오전, 오후, 늦은 오후, 밤",ESFJ
a2262,유도,아이스스케이트,무에타이,"화, 수, 목, 토, 일","이른 오전, 오전, 오후, 늦은 오후, 저녁, 밤",ESTP
a2263,축구,스노보드,,"월, 수, 금, 토, 일","늦은 오후, 저녁",ENFJ
a2264,마라톤,,,토,"오전, 오후, 저녁",ESFP
a2265,축구,서핑,볼링,"월, 토, 일","늦은 오후, 저녁",ESTP
a2266,배드민턴,,,"월, 수, 토","이른 오전, 저녁",ESFJ
a2267,사이클,주짓수,,"월, 화, 수, 목, 금, 토, 일","오후, 늦은 오후, 밤",ESTP
a2268,주짓수,풋살,스노보드,일,"이른 오전, 오전, 오후, 늦은 오후, 저녁, 밤",ISTP
a2269,복싱,,,"화, 수, 금, 토, 일","오후, 저녁, 밤",ISFP
a2270,족구,,,"월, 화, 금","이른 오전, 오전, 늦은 오후",ESFJ
a2271,복싱,족구,요가,"월, 화, 수, 목, 금, 토, 일","이른 오전, 오전, 오후, 늦은 오후, 저녁, 밤",ENFJ
a2272,헬스,풋살,유도,"월, 목",밤,ENTJ
a2273,등산,배드민턴,야구,일,"이른 오전, 오전, 오후, 늦은 오후, 저녁, 밤",ISTP
a2274,필라테스,,,"월, 화, 목, 금, 토, 일","이른 오전, 오전, 저녁",ESFP
a2275,배구,볼링,클라이밍,"수, 목, 토, 일",저녁,ESFP
a2276,유도,,,"월, 금",저녁,ENFJ
a2277,서핑,골프/스크린골프,,"목, 금",저녁,INFJ
a2278,마라톤,,,"월, 화, 금, 토, 일","이른 오전, 오전, 늦은 오후, 저녁",ISTP
a2279,서핑,요가,탁구,토,"이른 오전, 오전, 오후, 늦은 오후, 저녁, 밤",ENTJ
a2280,풋살,볼링,사이클,"월, 목, 금, 일","이른 오전, 오전, 오후, 늦은 오후, 저녁, 밤",INFP
a2281,주짓수,탁구,테니스,금,"이른 오전, 오전, 오후, 늦은 오후, 밤",ENTP
a2282,요가,수영,사이클,"월, 화, 목, 금","이른 오전, 오후, 늦은 오후",ISTJ
a2283,배구,농구,,"월, 수, 목, 토","이른 오전, 저녁",ENTP
a2284,아이스스케이트,러닝,배드민턴,"월, 화, 수, 목, 금, 토, 일","오후, 저녁",ENFP
a2285,클라이밍,축구,,"화, 수, 목, 금, 토, 일","오전, 오후, 늦은 오후, 저녁, 밤",ESFP
a2286,유도,배드민턴,스쿼시,"금, 토, 일","오후, 밤",INFJ
a2287,클라이밍,마라톤,보드,"월, 화, 수, 금, 토","이른 오전, 늦은 오후, 저녁",ISFJ
a2288,스키,무에타이,,"화, 목, 금, 일","오전, 오후, 저녁",ESFP
a2289,인라인스케이트,축구,사이클,"수, 금","이른 오전, 오후, 밤",ISTP
a2290,인라인스케이트,야구,,"월, 화, 일",오전,ISTP
a2291,축구,보드,태권도,"월, 화, 목","이른 오전, 오후, 밤",ENTJ
a2292,골프/스크린골프,아이스스케이트,축구,"월, 화, 목",밤,ESFJ
a2293,아이스스케이트,인라인스케이트,크로스핏,월,"이른 오전, 오전, 오후, 밤",ENFJ
a2294,스키,요가,서핑,"월, 화, 금","저녁, 밤",ENFP
a2295,필라테스,인라인스케이트,,"목, 금, 토, 일","이른 오전, 오전, 오후, 저녁",ISTJ
a2296,아이스스케이트,탁구,헬스,"월, 수, 목, 금, 일",오전,INFP
a2297,골프/스크린골프,,,화,오후,ISFP
a2298,크로스핏,,,"월, 화, 수, 목, 금, 토, 일","이른 오전, 오전, 오후, 늦은 오후, 저녁, 밤",ENTP
a2299,사이클,보드,스쿼시,"월, 화, 수, 목, 토, 일","이른 오전, 오전, 오후, 늦은 오후, 저녁, 밤",ISTJ
a2300,주짓수,,,"목, 금, 토",이른 오전,ENTP
a2301,요가,무에타이,,"월, 수","오전, 오후, 늦은 오후",ENFP
a2302,스키,,,"월, 화, 수, 목, 금, 일","오전, 오후, 늦은 오후, 저녁, 밤",ISFJ
a2303,인라인스케이트,,,수,오후,ISFP
a2304,스노보드,배드민턴,탁구,"화, 수, 금, 일","이른 오전, 오전, 늦은 오후, 저녁, 밤",ESTP
a2305,클라이밍,복싱,,"화, 수, 금, 토, 일","오전, 오후, 늦은 오후, 저녁",ENFP
a2306,발야구,복싱,,월,"이른 오전, 오전, 오후, 밤",INTP
a2307,족구,크로스핏,,"수, 목, 토, 일","오전, 밤",ESTP
a2308,클라이밍,풋살,골프/스크린골프,"월, 목, 금, 일","오후, 늦은 오후, 저녁, 밤",ISFJ
a2309,헬스,유도,서핑,화,"이른 오전, 오전, 오후, 늦은 오후, 저녁, 밤",ENFJ
a2310,사이클,,,"수, 금, 일","이른 오전, 오전, 오후, 저녁, 밤",ISTJ
a2311,피구,볼링,수영,"화, 금, 일","이른 오전, 오전, 오후, 늦은 오후, 저녁",ISFJ
a2312,스쿼시,탁구,마라톤,일,"이른 오전, 오전, 늦은 오후, 저녁",ESTP
a2313,인라인스케이트,,,"월, 금, 일","이른 오전, 늦은 오후, 저녁",ENFJ
a2314,클라이밍,족구,,"월, 화, 목, 금, 토, 일","이른 오전, 오후, 늦은 오후",ISTP
a2315,유도,,,"월, 화, 목, 금, 토, 일","이른 오전, 늦은 오후",ESFJ
a2316,족구,,,"월, 화, 수, 금, 토","오전, 늦은 오후, 밤",ESTJ
a2317,골프/스크린골프,,,"월, 화, 수, 금","오전, 오후, 밤",ENFJ
a2318,보드,,,"수, 목, 금, 토, 일","오전, 밤",ENFJ
a2319,골프/스크린골프,,,"월, 화, 수, 목, 금, 토, 일","오전, 오후, 늦은 오후, 밤",ENTP
a2320,배드민턴,클라이밍,요가,"월, 화, 수, 금, 토","이른 오전, 오전, 늦은 오후, 저녁",ISTJ
a2321,배구,,,"금, 일","이른 오전, 오전, 오후, 늦은 오후, 저녁, 밤",ENTP
a2322,등산,,,"월, 수, 목, 토","이른 오전, 늦은 오후, 저녁",INTJ
a2323,스노보드,,,"월, 수, 목, 토, 일","오후, 저녁, 밤",ESTP
a2324,축구,태권도,,"월, 화, 수, 목, 금, 토, 일","이른 오전, 오전, 오후, 늦은 오후, 저녁, 밤",ISTP
a2325,서핑,배구,마라톤,"월, 화, 수, 목, 금, 토, 일","이른 오전, 오후, 늦은 오후, 밤",ENFP
a2326,마라톤,볼링,,"월, 화, 수, 목, 토, 일","이른 오전, 늦은 오후, 밤",ESTJ
a2327,보드,필라테스,축구,"목, 일","이른 오전, 늦은 오후",ISTP
a2328,스쿼시,러닝,,"화, 금",오후,INTJ
a2329,필라테스,스쿼시,,"월, 화, 목, 금, 토, 일","오전, 오후, 저녁",ENFP
a2330,스노보드,러닝,등산,수,오후,ISFJ
a2331,등산,풋살,사이클,"월, 화, 수, 목, 금, 일","이른 오전, 오전, 늦은 오후",ISTP
a2332,인라인스케이트,아이스스케이트,무에타이,"화, 금, 일","이른 오전, 오전, 오후, 늦은 오후, 저녁, 밤",INFP
a2333,아이스스케이트,주짓수,클라이밍,"월, 금","이른 오전, 오전, 오후, 늦은 오후, 저녁",ESFP
a2334,농구,수영,,"월, 화, 목, 금","이른 오전, 저녁",ISFJ
a2335,탁구,유도,,"금, 일","이른 오전, 오전, 오후, 늦은 오후, 저녁",INFJ
a2336,사이클,,,"월, 화, 수, 목, 금, 토, 일","이른 오전, 오전, 오후",INTP
a2337,러닝,테니스,풋살,"월, 화, 수, 목, 금, 토, 일",오전,ISTP
a2338,인라인스케이트,아이스스케이트,,화,저녁,ESFJ
a2339,족구,볼링,복싱,"화, 수, 목, 금",밤,ENTJ
a2340,수영,주짓수,배드민턴,"수, 목, 금, 토, 일","이른 오전, 오전, 오후, 밤",ESFJ
a2341,족구,보드,스키,"수, 목","오전, 오후, 늦은 오후",ISFJ
a2342,피구,서핑,헬스,"화, 수, 목, 금, 토, 일",밤,ISTJ
a2343,유도,서핑,요가,"월, 화, 수, 목, 금, 토, 일","오전, 오후, 늦은 오후, 밤",ESFP
a2344,복싱,클라이밍,,"월, 화, 수, 목, 금, 토, 일","오후, 밤",ISTP
a2345,풋살,,,목,"이른 오전, 오전, 오후, 늦은 오후, 저녁, 밤",ESFJ
a2346,스쿼시,풋살,,"수, 목, 금, 일",오후,ESFJ
a2347,족구,배구,,목,"이른 오전, 오전, 오후, 늦은 오후, 저녁, 밤",INFJ
a2348,등산,,,"월, 화, 수, 목, 금, 토, 일",이른 오전,INFJ
a2349,족구,풋살,복싱,"월, 화, 수, 목, 금, 일","이른 오전, 밤",ENTP
a2350,요가,,,"월, 화, 수, 목, 금, 토","이른 오전, 오전",INFJ
a2351,테니스,사이클,배구,"목, 토","이른 오전, 오전, 오후, 늦은 오후, 저녁, 밤",ENTP
a2352,축구,태권도,,"월, 화, 수, 목, 금, 토, 일","오후, 밤",INFP
a2353,피구,,,"금, 일",늦은 오후,INTP
a2354,필라테스,,,"월, 화, 수, 목, 금, 토, 일","오후, 늦은 오후",INFJ
a2355,아이스스케이트,사이클,요가,일,"오전, 오후, 밤",ENTP
a2356,풋살,스쿼시,골프/스크린골프,"토, 일","이른 오전, 저녁, 밤",INTP
a2357,탁구,,,"수, 목","이른 오전, 오전, 오후, 늦은 오후, 저녁, 밤",ENTP
a2358,사이클,볼링,클라이밍,"화, 수, 목, 금",이른 오전,ENTP
a2359,축구,사이클,등산,"월, 화, 수, 목, 금, 일",오후,INTP
a2360,축구,사이클,탁구,"월, 화, 금, 토, 일","이른 오전, 오전, 오후, 늦은 오후, 저녁, 밤",ISFP
a2361,사이클,,,목,"오전, 늦은 오후, 밤",ISFJ
a2362,스노보드,인라인스케이트,스쿼시,"월, 화, 토, 일","이른 오전, 오전, 오후, 늦은 오후, 저녁, 밤",ISTJ
a2363,등산,볼링,,"목, 토, 일","이른 오전, 오전, 오후, 늦은 오후, 저녁, 밤",ESTJ
a2364,야구,,,수,"이른 오전, 오전, 오후, 늦은 오후, 저녁, 밤",ESTJ
a2365,태권도,축구,스노보드,"화, 수, 목, 토, 일",저녁,ENFP
a2366,발야구,스키,인라인스케이트,"월, 화, 수, 목, 토, 일","이른 오전, 오전, 오후, 늦은 오후, 저녁, 밤",INTJ
a2367,보드,탁구,,"월, 화, 수, 목, 금, 토, 일","저녁, 밤",ENFP
a2368,풋살,스노보드,,"월, 화, 수, 목","오전, 밤",ESFJ
a2369,발야구,볼링,,"월, 화, 수, 목, 토, 일",밤,ESFP
a2370,스쿼시,테니스,,"월, 목, 일",저녁,ISFJ
a2371,축구,,,"월, 화, 수, 금, 토","오전, 저녁",ISFP
a2372,러닝,축구,야구,"월, 목, 금, 토, 일","이른 오전, 오전, 오후, 늦은 오후, 밤",ISTJ
a2373,골프/스크린골프,,,"월, 화, 수, 목, 금, 토, 일","이른 오전, 오전, 오후, 늦은 오후, 밤",ISFP
a2374,수영,,,금,늦은 오후,INTJ
a2375,인라인스케이트,스노보드,아이스스케이트,"화, 금, 토","이른 오전, 오전, 오후, 늦은 오후, 밤",INFJ
a2376,수영,탁구,크로스핏,토,"이른 오전, 오전, 늦은 오후",ESTP
a2377,아이스스케이트,배드민턴,,"월, 화, 수, 금, 토, 일","이른 오전, 오전, 오후, 저녁, 밤",ENFP
a2378,헬스,축구,,"화, 목, 토, 일","이른 오전, 오전, 늦은 오후",ENTJ
a2379,스쿼시,농구,,"월, 화, 수, 금",밤,INFJ
a2380,주짓수,풋살,아이스스케이트,"월, 화, 목, 토, 일","이른 오전, 오전, 오후, 늦은 오후, 저녁",ISTP
a2381,사이클,볼링,인라인스케이트,"목, 금","이른 오전, 오전, 오후, 늦은 오후, 저녁, 밤",INFJ
a2382,무에타이,볼링,족구,"월, 화, 목, 금, 토, 일","오후, 늦은 오후, 저녁, 밤",ENTP
a2383,헬스,,,"화, 수, 목, 금","이른 오전, 저녁, 밤",ISTP
a2384,테니스,족구,마라톤,"화, 목, 금, 토, 일","저녁, 밤",ENTP
a2385,보드,족구,,일,"이른 오전, 늦은 오후",ISFJ
a2386,인라인스케이트,족구,,"수, 목, 금","이른 오전, 오전, 오후, 늦은 오후, 저녁, 밤",ESFP
a2387,수영,,,금,"오후, 늦은 오후",INTP
a2388,스쿼시,태권도,보드,"목, 토","오전, 오후, 늦은 오후, 저녁, 밤",INFP
a2389,골프/스크린골프,요가,유도,"목, 토","이른 오전, 오전, 오후, 늦은 오후",ENTP
a2390,골프/스크린골프,,,목,"오전, 늦은 오후, 저녁, 밤",INTJ
a2391,요가,스키,,"수, 금, 토","이른 오전, 오전, 오후, 늦은 오후, 저녁, 밤",ESFJ
a2392,농구,발야구,필라테스,"월, 화, 목, 금, 토, 일","오후, 밤",ENFP
a2393,태권도,,,"금, 일","이른 오전, 늦은 오후, 밤",ESTP
a2394,피구,태권도,,"월, 화, 목, 금, 토","이른 오전, 오전, 오후, 늦은 오후, 저녁, 밤",INFP
a2395,서핑,축구,러닝,"월, 화, 수, 목, 금, 토, 일","이른 오전, 오전, 오후, 늦은 오후, 저녁",ESFP
a2396,태권도,,,"월, 화, 수, 목, 금, 토, 일","이른 오전, 오전, 오후, 늦은 오후, 밤",INTP
a2397,인라인스케이트,,,"월, 화, 수, 목, 금, 토, 일","이른 오전, 오전, 오후, 늦은 오후, 저녁, 밤",ESFP
a2398,야구,필라테스,,"화, 수","오전, 밤",INFJ
a2399,보드,필라테스,등산,화,"이른 오전, 오전, 늦은 오후, 저녁, 밤",ISTJ
a2400,등산,,,"월, 화, 수, 금, 토, 일",밤,ISFJ
a2401,필라테스,족구,배구,"목, 금, 토, 일",저녁,ISFP
a2402,마라톤,복싱,클라이밍,"수, 목, 금","이른 오전, 오전, 오후, 늦은 오후, 저녁",ENTJ
a2403,족구,,,"월, 화, 수, 목, 금, 토, 일",오후,ISFJ
a2404,피구,서핑,,"화, 일","이른 오전, 늦은 오후, 밤",ESTP
a2405,태권도,야구,,"화, 일",이른 오전,ISTJ
a2406,아이스스케이트,배구,,일,"오전, 오후, 늦은 오후, 저녁",INFP
a2407,배드민턴,보드,클라이밍,"월, 화, 수, 금, 토",이른 오전,ESTP
a2408,스노보드,보드,,"월, 수","이른 오전, 오전, 오후, 늦은 오후, 저녁, 밤",ESTJ
a2409,인라인스케이트,크로스핏,배구,"월, 화, 수, 목, 금, 토, 일","이른 오전, 오전, 오후, 저녁",INFJ
a2410,볼링,스쿼시,,일,"늦은 오후, 밤",ESTP
a2411,피구,태권도,농구,목,"이른 오전, 오전, 오후, 늦은 오후, 저녁, 밤",ISFJ
a2412,축구,,,"월, 화, 수","오전, 늦은 오후",ESTP
a2413,등산,스노보드,,"월, 수, 목, 금, 토, 일",오전,ENTP
a2414,수영,,,"월, 화, 금, 토, 일","오전, 늦은 오후",ENTJ
a2415,수영,골프/스크린골프,농구,"월, 수, 금, 토","이른 오전, 오전, 오후, 저녁",ESTJ
a2416,족구,배드민턴,테니스,"화, 수, 토, 일","이른 오전, 오전, 오후, 밤",ESFP
a2417,복싱,보드,,"월, 수, 목, 일","이른 오전, 밤",ENFJ
a2418,스노보드,,,"월, 수, 토","이른 오전, 오전, 오후, 늦은 오후, 저녁, 밤",ESTJ
a2419,탁구,유도,야구,"월, 목, 금, 토, 일","오전, 오후, 늦은 오후, 저녁, 밤",ENFJ
a2420,스쿼시,,,"월, 화, 수, 목, 일","이른 오전, 오전, 오후, 늦은 오후, 저녁, 밤",ESFJ
a2421,발야구,사이클,,"월, 목","이른 오전, 오전, 늦은 오후, 저녁, 밤",ESTP
a2422,스키,보드,등산,"월, 화, 수, 목, 금, 토, 일","이른 오전, 저녁",INTP
a2423,등산,스키,,"월, 화, 수, 금, 일","이른 오전, 오전, 오후, 저녁, 밤",ENFP
a2424,등산,족구,,"월, 수, 금, 토, 일",늦은 오후,INFJ
a2425,필라테스,,,"월, 화, 토, 일","이른 오전, 오전, 늦은 오후, 저녁, 밤",ISFJ
a2426,유도,농구,배드민턴,"목, 일","이른 오전, 오전, 오후, 늦은 오후, 저녁, 밤",ESTP
a2427,유도,클라이밍,,"월, 목, 금, 토, 일","이른 오전, 늦은 오후, 저녁, 밤",INFP
a2428,배구,스노보드,태권도,"월, 화, 수, 목, 금, 일","이른 오전, 늦은 오후, 저녁",ENFP
a2429,필라테스,스쿼시,,"월, 화, 목, 토, 일","이른 오전, 오전, 오후",ISTJ
a2430,서핑,,,"화, 금, 토, 일","이른 오전, 늦은 오후",ESFP
a2431,농구,크로스핏,축구,"수, 금, 토","오후, 저녁, 밤",ESTJ
a2432,클라이밍,,,토,"이른 오전, 오후, 늦은 오후, 밤",ESTJ
a2433,무에타이,,,"월, 화, 수, 목, 금, 토, 일","오전, 늦은 오후",ESFJ
a2434,러닝,,,"수, 토","이른 오전, 오후",INFJ
a2435,태권도,볼링,,"월, 화, 수, 목, 금, 토, 일","이른 오전, 오전, 오후, 늦은 오후, 밤",INTJ
a2436,배구,피구,유도,"월, 화, 수, 목, 금, 토, 일","이른 오전, 오전, 오후, 늦은 오후, 저녁, 밤",ESTP
a2437,보드,인라인스케이트,유도,"수, 목, 금, 토, 일","이른 오전, 오전, 오후, 늦은 오후, 밤",ENTJ
a2438,보드,스키,스노보드,"수, 목, 토","이른 오전, 오전",ISFP
a2439,볼링,,,"수, 목","이른 오전, 오전, 늦은 오후, 저녁, 밤",INTP
a2440,마라톤,러닝,헬스,"월, 화, 수, 목, 금, 토, 일",밤,ISTJ
a2441,서핑,스키,,"수, 금","오후, 저녁, 밤",ISFP
a2442,복싱,보드,크로스핏,"월, 화, 수, 금","오전, 저녁",ESFP
a2443,야구,배드민턴,,"월, 화, 수, 목, 금, 토","오전, 늦은 오후, 밤",ENFJ
a2444,크로스핏,스키,헬스,"화, 금, 토, 일","이른 오전, 오전, 오후, 늦은 오후, 저녁, 밤",ENFJ
a2445,풋살,축구,,"월, 화, 수, 금, 토","저녁, 밤",INTP
a2446,스키,마라톤,배구,"토, 일","이른 오전, 오전, 오후, 밤",ENTJ
a2447,축구,헬스,농구,"화, 수, 목, 금, 토, 일","이른 오전, 오전, 늦은 오후, 밤",INFP
a2448,클라이밍,,,"화, 수, 목, 토, 일","이른 오전, 늦은 오후, 저녁, 밤",ENFJ
a2449,골프/스크린골프,,,"월, 화, 목, 토, 일",오후,ISTP
a2450,축구,주짓수,보드,"토, 일","이른 오전, 오전, 오후, 늦은 오후, 저녁, 밤",ISTP
a2451,배드민턴,아이스스케이트,태권도,"월, 수, 목, 금, 일","이른 오전, 밤",INTP
a2452,복싱,아이스스케이트,보드,"화, 수, 토, 일","이른 오전, 오전",ISFP
a2453,탁구,족구,수영,"목, 금","이른 오전, 오후, 늦은 오후, 저녁, 밤",ISFP
a2454,발야구,,,"월, 수, 목, 금, 토, 일",늦은 오후,INTP
a2455,풋살,유도,탁구,"월, 화, 목, 금, 토","이른 오전, 오전, 오후, 늦은 오후, 저녁, 밤",INTP
a2456,골프/스크린골프,무에타이,스노보드,"월, 화, 목, 금","이른 오전, 오전, 오후, 늦은 오후, 저녁, 밤",ESTJ
a2457,족구,,,"수, 목, 일",저녁,ENFP
a2458,풋살,배드민턴,마라톤,월,"이른 오전, 오전, 늦은 오후, 저녁",ENTJ
a2459,족구,인라인스케이트,,"월, 화, 금, 토","이른 오전, 밤",ISTJ
a2460,마라톤,피구,요가,"월, 화, 수, 목, 금, 토, 일","오후, 늦은 오후",ENTP
a2461,볼링,,,"금, 토","이른 오전, 오전, 오후, 늦은 오후, 저녁, 밤",ENFP
a2462,풋살,농구,,"월, 화, 수, 목, 금, 토, 일","이른 오전, 오전, 오후",INTP
a2463,사이클,,,"월, 금","오전, 오후, 늦은 오후, 저녁",ENFJ
a2464,복싱,배구,,"월, 화, 수, 금, 토, 일","이른 오전, 오전, 오후, 늦은 오후, 저녁, 밤",ISFP
a2465,골프/스크린골프,풋살,서핑,"월, 화, 수, 목, 금, 토, 일","이른 오전, 오전, 오후, 늦은 오후, 저녁, 밤",ESFP
a2466,수영,축구,헬스,목,"이른 오전, 오전, 저녁",INTP
a2467,무에타이,,,"화, 수, 목, 금, 토, 일",밤,ISFJ
a2468,스노보드,축구,,"월, 화",이른 오전,ENFP
a2469,배구,,,"월, 수, 목, 금, 일","이른 오전, 오후",ESFP
a2470,아이스스케이트,풋살,,"월, 화, 수, 목, 금, 토, 일","이른 오전, 오후, 늦은 오후, 저녁",ISFP
a2471,복싱,피구,,"월, 화, 수, 목, 금, 일","이른 오전, 오전, 오후, 늦은 오후, 저녁, 밤",ISTP
a2472,복싱,,,"월, 수, 목, 금","오전, 오후, 늦은 오후, 저녁, 밤",ESFJ
a2473,서핑,,,"월, 수, 목, 금, 일","이른 오전, 오전, 저녁",ISFP
a2474,볼링,배구,,"월, 수, 목, 금, 토, 일","이른 오전, 늦은 오후",INTP
a2475,스노보드,,,"금, 일",저녁,ESTP
a2476,주짓수,배드민턴,,"목, 토",늦은 오후,INTP
a2477,피구,,,"화, 수",늦은 오후,ISTP
a2478,배구,등산,,"월, 화, 수, 목, 금, 토, 일","늦은 오후, 밤",ISFP
a2479,아이스스케이트,,,"월, 수, 일","오전, 오후, 저녁",ENFJ
a2480,크로스핏,농구,골프/스크린골프,"월, 화, 수, 목, 금, 토","이른 오전, 오전, 오후, 늦은 오후, 밤",ISTP
a2481,탁구,수영,마라톤,"화, 목, 일","이른 오전, 저녁",ENTP
a2482,족구,테니스,러닝,"월, 화, 수, 목, 금, 토","저녁, 밤",ISFJ
a2483,유도,,,"월, 화, 수, 목, 금, 토, 일","이른 오전, 오전, 오후, 늦은 오후",INFP
a2484,주짓수,,,목,"오전, 밤",INTP
a2485,필라테스,,,"화, 수, 토, 일","이른 오전, 오전, 오후",ESFP
a2486,스키,,,"화, 수, 목, 금","오전, 저녁",ISTJ
a2487,크로스핏,주짓수,발야구,"월, 수, 목, 금, 토, 일","이른 오전, 오전, 늦은 오후, 저녁, 밤",ENTJ
a2488,필라테스,아이스스케이트,요가,"화, 금, 토, 일","이른 오전, 오전, 저녁",INFJ
a2489,크로스핏,,,"화, 수, 목, 금, 토","이른 오전, 오후, 저녁",INFP
a2490,피구,,,"월, 수, 금, 일","이른 오전, 오전, 오후, 저녁, 밤",ISTP
a2491,유도,,,"화, 수, 금, 일","이른 오전, 오전, 늦은 오후, 저녁",ENFJ
a2492,보드,,,일,"오후, 늦은 오후",INFP
a2493,테니스,풋살,스노보드,"금, 토, 일","이른 오전, 오후",ENFJ
a2494,수영,스노보드,,"목, 금, 토, 일","이른 오전, 오전, 오후, 늦은 오후, 저녁, 밤",ENFP
a2495,복싱,,,"월, 화, 수, 목, 금, 토, 일","늦은 오후, 밤",ISFJ
a2496,사이클,스노보드,,토,"이른 오전, 오전, 오후, 늦은 오후, 저녁, 밤",ENFP
a2497,요가,골프/스크린골프,등산,"월, 목, 금, 일","오전, 늦은 오후, 밤",INFP
a2498,풋살,배드민턴,,"수, 금, 일","이른 오전, 오전, 오후, 늦은 오후, 저녁, 밤",ENFJ
a2499,농구,아이스스케이트,탁구,"월, 화, 금, 토, 일","이른 오전, 오전, 오후, 늦은 오후, 밤",ISTJ
a2500,마라톤,크로스핏,아이스스케이트,"목, 토, 일","이른 오전, 오전, 오후, 늦은 오후, 저녁, 밤",INTJ
a2501,스키,등산,필라테스,목,저녁,INFJ
a2502,사이클,배드민턴,,"월, 금, 토",밤,ESFJ
a2503,풋살,,,"화, 금, 토","오후, 늦은 오후, 밤",ESFJ
a2504,태권도,등산,족구,일,"이른 오전, 오전, 오후, 늦은 오후, 저녁, 밤",INTJ
a2505,풋살,아이스스케이트,복싱,"월, 화, 수, 목, 금, 토, 일","오전, 오후, 저녁, 밤",ISFJ
a2506,배드민턴,러닝,유도,"월, 금, 토","오전, 늦은 오후",INTJ
a2507,요가,,,"목, 일","이른 오전, 오전, 오후, 늦은 오후, 저녁, 밤",INTJ
a2508,볼링,,,금,"오전, 오후",INFP
a2509,수영,배드민턴,배구,"월, 화, 목, 토, 일","이른 오전, 오전, 오후, 늦은 오후, 저녁, 밤",INTP
a2510,헬스,배드민턴,테니스,"화, 수, 목, 금, 토, 일","이른 오전, 오전, 오후, 늦은 오후, 저녁, 밤",ISFJ
a2511,마라톤,헬스,,"화, 목, 금","이른 오전, 오전, 오후",INFP
a2512,야구,풋살,,"월, 화, 수, 금","오전, 오후, 늦은 오후, 밤",ESTJ
a2513,인라인스케이트,,,"월, 화, 수","이른 오전, 오전, 오후, 늦은 오후, 저녁, 밤",INTJ
a2514,볼링,,,"월, 화, 수, 목, 금, 토, 일","오전, 저녁, 밤",INFP
a2515,스키,발야구,,"월, 화, 수, 목, 금, 토, 일",늦은 오후,ISFJ
a2516,풋살,,,"화, 수, 목",이른 오전,ENTJ
a2517,족구,,,수,"오전, 늦은 오후, 밤",ESFP
a2518,축구,발야구,,"금, 토","오후, 저녁",ESFP
a2519,요가,발야구,사이클,"월, 화, 수, 목, 금, 토, 일","이른 오전, 오전, 오후, 늦은 오후",ESTJ
a2520,배드민턴,스노보드,야구,"월, 화, 목, 금, 토, 일","이른 오전, 오후, 저녁",ENTP
a2521,필라테스,무에타이,,"월, 화, 토","늦은 오후, 저녁, 밤",ISFP
a2522,축구,,,토,오후,ISTP
a2523,스쿼시,골프/스크린골프,스키,"목, 토",저녁,INFP
a2524,축구,골프/스크린골프,풋살,"월, 화, 수, 목, 토, 일",이른 오전,ISFP
a2525,족구,아이스스케이트,크로스핏,"월, 화, 수, 목, 금, 토, 일",저녁,ENFP
a2526,야구,무에타이,인라인스케이트,"화, 목, 금","오전, 저녁, 밤",ENTP
a2527,볼링,,,"월, 화, 금, 토, 일","이른 오전, 오전, 오후, 늦은 오후, 저녁, 밤",ESFJ
a2528,서핑,주짓수,,"월, 화, 수, 토","이른 오전, 오전, 오후, 늦은 오후, 저녁",ISFP
a2529,탁구,수영,,"월, 화, 수, 목, 금, 토, 일","오전, 오후, 늦은 오후, 저녁, 밤",ESFP
a2530,보드,,,"월, 금",저녁,ISTP
a2531,유도,태권도,마라톤,"월, 화, 수, 목, 금, 일","이른 오전, 오전, 오후, 늦은 오후, 저녁, 밤",ESTP
a2532,필라테스,볼링,,"화, 일",오후,ISTP
a2533,배드민턴,,,"월, 화, 수, 목, 금, 토, 일",오전,ISTJ
a2534,헬스,,,"월, 화, 수, 목, 금, 토, 일",오후,ESFP
a2535,요가,마라톤,농구,"화, 일",오후,ISTP
a2536,아이스스케이트,스키,필라테스,"화, 목",늦은 오후,ENTP
a2537,야구,요가,,일,"오전, 저녁, 밤",ENFP
a2538,유도,인라인스케이트,,"월, 목, 금","이른 오전, 오후, 늦은 오후, 저녁, 밤",ENTP
a2539,발야구,복싱,클라이밍,"월, 금, 토","이른 오전, 늦은 오후",INFP
a2540,등산,필라테스,유도,"월, 목, 금",늦은 오후,ISFJ
a2541,무에타이,야구,,"월, 수, 목, 금, 토, 일","늦은 오후, 밤",INFJ
a2542,헬스,골프/스크린골프,,"수, 목","이른 오전, 늦은 오후",ENTP
a2543,등산,수영,요가,"월, 화, 목, 금, 토, 일","이른 오전, 오전, 늦은 오후, 저녁",INFJ
a2544,수영,필라테스,복싱,"화, 수, 목, 토, 일","이른 오전, 오전, 오후, 늦은 오후, 저녁, 밤",ISFP
a2545,필라테스,축구,,"월, 화, 수, 목, 금, 토, 일","이른 오전, 오전, 오후, 늦은 오후, 밤",INFJ
a2546,보드,,,"월, 화, 수, 목, 금, 토, 일","이른 오전, 오전",INTP
a2547,풋살,,,"월, 수, 토",늦은 오후,INFP
a2548,사이클,탁구,스노보드,"수, 목, 금, 일","오전, 저녁, 밤",ENTP
a2549,무에타이,필라테스,스쿼시,금,"오전, 오후, 저녁, 밤",ESFJ
a2550,러닝,,,금,"오후, 늦은 오후",ISTP
a2551,클라이밍,농구,,"목, 금","오전, 밤",ISFP
a2552,무에타이,탁구,크로스핏,"금, 토","이른 오전, 오전, 오후, 늦은 오후, 저녁, 밤",ISTP
a2553,발야구,,,월,"오전, 늦은 오후, 저녁, 밤",INTP
a2554,복싱,헬스,마라톤,"월, 수, 목, 금, 일","이른 오전, 오전, 저녁",ISFJ
a2555,배드민턴,보드,,"월, 화, 금, 토, 일","오전, 늦은 오후",ESTJ
a2556,야구,스노보드,,"화, 수, 금, 토","오전, 저녁",ESFP
a2557,아이스스케이트,,,"월, 화, 수, 목, 금, 토, 일","이른 오전, 오전, 늦은 오후, 저녁, 밤",INFJ
a2558,테니스,배구,,"월, 수, 목, 금, 토, 일","이른 오전, 오전, 늦은 오후, 저녁, 밤",INTP
a2559,스키,마라톤,,"목, 토","이른 오전, 늦은 오후, 저녁, 밤",ISFJ
a2560,요가,,,"금, 토, 일","이른 오전, 오전, 오후, 늦은 오후, 저녁, 밤",ESTJ
a2561,수영,,,"월, 화, 수, 목, 금, 일",밤,ENTJ
a2562,등산,,,"월, 수","이른 오전, 오전, 저녁, 밤",ESFJ
a2563,스키,아이스스케이트,,"월, 화, 수, 금, 토, 일","이른 오전, 밤",ESFP
a2564,요가,,,"월, 수","이른 오전, 오전, 오후, 늦은 오후, 저녁",ESFP
a2565,보드,마라톤,필라테스,"목, 금, 토, 일",저녁,INFP
a2566,크로스핏,,,"월, 화, 수, 목, 금, 토, 일","이른 오전, 오전, 늦은 오후, 저녁, 밤",ENTJ
a2567,주짓수,,,"월, 수, 금, 토, 일","이른 오전, 오후, 늦은 오후, 저녁, 밤",INTP
a2568,복싱,볼링,헬스,"수, 금, 토, 일","이른 오전, 오전, 저녁, 밤",INTJ
a2569,스쿼시,축구,농구,"월, 목, 금","이른 오전, 오후, 늦은 오후, 저녁, 밤",ENFP
a2570,골프/스크린골프,,,"월, 금, 토, 일","오후, 늦은 오후, 저녁, 밤",ISTJ
a2571,필라테스,,,"월, 화, 수, 금, 토, 일",오전,ESFP
a2572,탁구,,,"월, 수, 목","이른 오전, 오전, 오후, 저녁, 밤",ENTP
a2573,농구,복싱,족구,"화, 수, 목, 일","이른 오전, 오전, 저녁",ENFP
a2574,헬스,,,수,"오전, 저녁, 밤",INTJ
a2575,수영,,,"월, 화, 수, 목, 금, 토, 일","이른 오전, 오전, 오후, 늦은 오후, 저녁",INFP
a2576,태권도,,,"수, 토",오후,ENTJ
a2577,풋살,,,"월, 화, 수, 금, 토, 일","이른 오전, 늦은 오후, 저녁, 밤",INTJ
a2578,피구,,,"월, 화",늦은 오후,ISFJ
a2579,풋살,,,"월, 화, 목, 금, 일","이른 오전, 오전, 오후, 늦은 오후, 저녁, 밤",ENFP
a2580,러닝,배구,아이스스케이트,"월, 일","이른 오전, 오전, 늦은 오후, 밤",ENFP
a2581,테니스,태권도,,"월, 화, 수, 목, 금, 일","이른 오전, 오전, 오후, 늦은 오후, 저녁, 밤",ENFP
a2582,야구,크로스핏,,"화, 목, 금, 일","늦은 오후, 저녁, 밤",ESTP
a2583,헬스,러닝,배구,"월, 화, 금, 일",저녁,ESTP
a2584,풋살,스키,,수,"이른 오전, 오후, 늦은 오후, 저녁",ENTP
a2585,스쿼시,,,"월, 화, 수, 금, 토, 일","이른 오전, 오전, 오후, 늦은 오후, 저녁, 밤",INFJ
a2586,무에타이,,,"월, 수, 목, 금, 토, 일","이른 오전, 오전, 오후, 늦은 오후, 저녁, 밤",ESTP
a2587,수영,,,"월, 화, 수, 목, 토, 일","이른 오전, 늦은 오후, 저녁, 밤",INTJ
a2588,농구,필라테스,,"화, 목, 금, 토, 일","오전, 밤",ISTP
a2589,크로스핏,발야구,,"목, 일",이른 오전,INTP
a2590,족구,,,"월, 화, 수, 목, 금, 토, 일","늦은 오후, 저녁, 밤",ENTJ
a2591,태권도,,,"화, 금, 일","이른 오전, 오전, 오후, 늦은 오후, 저녁, 밤",ESFJ
a2592,볼링,,,"월, 화, 수, 금, 토","이른 오전, 늦은 오후, 저녁",ISFJ
a2593,필라테스,,,"화, 목, 금, 일",오후,ISTP
a2594,스노보드,,,"화, 수, 목","이른 오전, 오전, 오후, 늦은 오후, 밤",ISFJ
a2595,인라인스케이트,,,일,"이른 오전, 늦은 오후, 저녁, 밤",ESTP
a2596,요가,,,"월, 화, 수, 목, 금","이른 오전, 늦은 오후, 저녁, 밤",ENFP
a2597,무에타이,보드,,"화, 수, 목, 토, 일","오전, 저녁",ENTP
a2598,테니스,헬스,,목,"이른 오전, 밤",ENFJ
a2599,요가,볼링,스쿼시,월,늦은 오후,ISTJ
a2600,발야구,스노보드,,"월, 수, 목, 금, 토, 일","이른 오전, 오전, 오후",ESTJ
a2601,주짓수,러닝,축구,"수, 목, 금, 토","오후, 늦은 오후, 밤",ESFP
a2602,무에타이,아이스스케이트,,수,"이른 오전, 오후, 저녁, 밤",ESFP
a2603,야구,,,"화, 수, 목, 토, 일","이른 오전, 오전, 밤",ESFP
a2604,스노보드,유도,필라테스,"목, 토","오전, 늦은 오후, 저녁, 밤",INFP
a2605,보드,발야구,,"수, 금, 토, 일","이른 오전, 오후, 밤",ENTJ
a2606,헬스,복싱,스키,"월, 화, 수, 목, 금, 토, 일","이른 오전, 오전, 오후, 늦은 오후, 저녁, 밤",ENFP
a2607,주짓수,피구,족구,"금, 토","이른 오전, 오전, 저녁",ISFP
a2608,탁구,농구,인라인스케이트,"월, 화, 수, 목, 금, 토, 일","오전, 늦은 오후, 밤",ESFJ
a2609,요가,,,"월, 화, 수, 목, 금, 토, 일","이른 오전, 오후, 저녁",ESTP
a2610,유도,스노보드,,"목, 일","늦은 오후, 밤",ENFJ
a2611,필라테스,아이스스케이트,인라인스케이트,"월, 화, 수, 금, 토","이른 오전, 오전, 늦은 오후, 저녁, 밤",ESTP
a2612,복싱,스쿼시,,"월, 화, 수, 목, 금, 토, 일",오후,ENTP
a2613,러닝,볼링,탁구,"화, 수, 목, 금, 토, 일","오후, 늦은 오후, 저녁",ENFP
a2614,야구,보드,배구,"수, 목","오후, 저녁, 밤",ISFJ
a2615,테니스,태권도,서핑,일,"이른 오전, 오전, 오후, 늦은 오후, 저녁, 밤",ESTJ
a2616,스쿼시,,,목,"이른 오전, 늦은 오후, 밤",ENTP
a2617,수영,발야구,스노보드,"월, 금, 토, 일","오전, 오후, 늦은 오후",INTP
a2618,크로스핏,골프/스크린골프,보드,토,이른 오전,ESFJ
a2619,무에타이,풋살,주짓수,"월, 화, 금, 일",오전,ESFP
a2620,무에타이,인라인스케이트,크로스핏,"월, 수, 목, 토",오전,ENTJ
a2621,주짓수,유도,,"월, 화, 금, 토, 일",저녁,ESFJ
a2622,필라테스,요가,등산,월,"이른 오전, 오전, 오후, 늦은 오후, 저녁, 밤",ISTP
a2623,유도,,,"금, 일","이른 오전, 오전, 오후, 늦은 오후, 저녁, 밤",ESTP
a2624,수영,보드,,"월, 화, 토, 일","저녁, 밤",INFP
a2625,아이스스케이트,,,"목, 일","이른 오전, 저녁, 밤",ENFJ
a2626,사이클,유도,,"월, 화, 수, 목, 일","이른 오전, 오후",ENTP
a2627,주짓수,사이클,,"월, 화, 수, 목, 금, 토, 일","이른 오전, 오전, 오후, 늦은 오후, 저녁, 밤",INFP
a2628,테니스,,,일,"저녁, 밤",ENFJ
a2629,스노보드,,,"목, 토",저녁,ISFP
a2630,야구,러닝,,"월, 화, 목, 금","오전, 오후, 늦은 오후, 저녁, 밤",ESTJ
a2631,피구,,,"월, 화, 수, 목, 금, 토, 일",이른 오전,ESTJ
a2632,풋살,골프/스크린골프,,"월, 화, 수, 목, 금, 토, 일",이른 오전,ESFP
a2633,태권도,러닝,요가,"수, 목, 금, 토, 일","오후, 밤",ESTP
a2634,테니스,,,"화, 토, 일","오전, 오후, 늦은 오후, 저녁, 밤",ENTP
a2635,테니스,보드,배드민턴,"월, 화, 목, 금, 토, 일","오전, 오후, 늦은 오후, 저녁, 밤",ISFJ
a2636,사이클,,,"월, 목, 토","이른 오전, 오전, 오후, 늦은 오후, 저녁, 밤",INTP
a2637,러닝,배구,,"월, 수, 금","오후, 저녁",ENTJ
a2638,주짓수,탁구,,"월, 금, 토","이른 오전, 오전, 늦은 오후, 저녁, 밤",ESFJ
a2639,보드,,,"월, 수, 금, 토","이른 오전, 오후, 늦은 오후, 밤",ENFJ
a2640,크로스핏,인라인스케이트,태권도,"월, 수, 금","오전, 늦은 오후",INTJ
a2641,요가,아이스스케이트,크로스핏,"수, 목","이른 오전, 늦은 오후",ISTP
a2642,농구,,,"월, 화, 수, 목, 금, 토, 일","이른 오전, 오전, 오후, 늦은 오후, 저녁",ESTJ
a2643,풋살,요가,,"월, 수","이른 오전, 오전, 오후, 늦은 오후, 저녁, 밤",ISTP
a2644,스쿼시,,,"화, 목, 금, 토","이른 오전, 늦은 오후",ISTJ
a2645,스쿼시,클라이밍,,"월, 화, 수, 목, 일","오전, 늦은 오후, 밤",ESFJ
a2646,농구,,,"수, 금, 일","이른 오전, 오후, 늦은 오후, 저녁",INFP
a2647,서핑,,,"월, 화, 목, 금, 토, 일","이른 오전, 오전, 오후, 늦은 오후, 저녁, 밤",ISFP
a2648,요가,마라톤,헬스,"월, 화, 수, 목, 금, 토, 일","이른 오전, 오전, 오후, 늦은 오후, 저녁, 밤",ESFJ
a2649,러닝,,,"화, 수, 목, 금, 토, 일","늦은 오후, 저녁",INTJ
a2650,보드,인라인스케이트,축구,"화, 금",밤,ISFP
a2651,볼링,사이클,수영,"월, 수, 목, 금, 토, 일",저녁,ISFJ
a2652,배드민턴,스쿼시,크로스핏,"화, 수, 금, 토","오전, 오후, 저녁, 밤",ISTP
a2653,수영,,,"화, 수, 금","오후, 늦은 오후, 저녁, 밤",ISFJ
a2654,클라이밍,,,화,"이른 오전, 늦은 오후, 밤",ESTP
a2655,인라인스케이트,등산,,"월, 수, 금","이른 오전, 오전, 저녁, 밤",ISTJ
a2656,등산,주짓수,,"월, 화, 수, 토","이른 오전, 오전, 늦은 오후, 저녁, 밤",INFP
a2657,등산,,,"수, 목, 토",밤,ESFP
a2658,농구,마라톤,야구,"화, 목, 금","이른 오전, 오전, 오후, 늦은 오후, 저녁",ISFJ
a2659,요가,,,"월, 수, 목, 금, 토, 일","이른 오전, 저녁, 밤",ISTJ
a2660,복싱,러닝,수영,"월, 화, 수, 목, 금, 토, 일",오후,ESTP
a2661,인라인스케이트,필라테스,,"월, 화, 수, 목, 금, 토, 일",밤,INTJ
a2662,볼링,클라이밍,아이스스케이트,"월, 화, 수, 금, 토, 일",오전,ESFJ
a2663,스키,축구,,"월, 화, 수, 목, 금","이른 오전, 오전",ISTP
a2664,족구,크로스핏,,"월, 화, 수, 목, 금, 토, 일","이른 오전, 오후, 밤",INTJ
a2665,배드민턴,골프/스크린골프,,수,오후,ENTP
a2666,무에타이,아이스스케이트,,"토, 일","이른 오전, 오후, 늦은 오후, 저녁",ISTJ
a2667,태권도,축구,,"목, 토","오전, 오후, 밤",INTP
a2668,인라인스케이트,사이클,,"월, 금, 토, 일","이른 오전, 오전, 오후",ESTP
a2669,유도,농구,무에타이,"화, 목","이른 오전, 오전, 늦은 오후, 저녁",INTP
a2670,인라인스케이트,스키,배드민턴,"월, 화, 수, 금","이른 오전, 오후, 늦은 오후, 저녁, 밤",ESTJ
a2671,농구,,,"월, 화, 수, 목, 금, 토","오전, 오후, 늦은 오후, 저녁",INTJ
a2672,헬스,골프/스크린골프,,화,"이른 오전, 오후, 늦은 오후, 밤",ESFJ
a2673,마라톤,,,"월, 화, 수, 목, 금, 토, 일","이른 오전, 오전, 오후",ISFP
a2674,마라톤,축구,수영,"월, 화, 수, 목, 토, 일","이른 오전, 늦은 오후, 저녁",ENTP
a2675,등산,농구,,"화, 토","오전, 오후",ISTJ
a2676,유도,복싱,,"월, 토","이른 오전, 오전, 오후, 늦은 오후, 저녁",ESTJ
a2677,농구,테니스,스노보드,"목, 금","오전, 오후",ENTP
a2678,야구,헬스,인라인스케이트,토,"이른 오전, 오후, 늦은 오후, 저녁",INTJ
a2679,사이클,테니스,,목,"오전, 오후, 늦은 오후",INFP
a2680,수영,,,"화, 수, 목, 금, 토, 일","이른 오전, 오후, 늦은 오후, 저녁, 밤",ISFJ
a2681,등산,,,"월, 수, 토, 일","이른 오전, 오전, 오후, 늦은 오후, 저녁, 밤",ISFP
a2682,등산,,,"월, 수, 목, 금","이른 오전, 늦은 오후, 저녁, 밤",ESTJ
a2683,축구,수영,헬스,"월, 화, 수, 금, 토, 일","오후, 늦은 오후, 밤",ESTP
a2684,크로스핏,스키,,"월, 수","이른 오전, 오전, 늦은 오후, 저녁, 밤",ENFP
a2685,수영,러닝,테니스,"금, 토","오후, 밤",ISFP
a2686,필라테스,스키,,"월, 화, 수, 목, 금, 토, 일","오후, 저녁",ENTJ
a2687,유도,,,"수, 토","이른 오전, 오전, 오후, 늦은 오후, 밤",ENTJ
a2688,마라톤,,,"수, 목, 일","오후, 저녁, 밤",ENFJ
a2689,풋살,,,"월, 화, 수, 목, 금, 토, 일","이른 오전, 늦은 오후, 저녁",ENTJ
a2690,야구,발야구,,"월, 화, 수, 목, 금, 토, 일","오전, 늦은 오후, 저녁, 밤",ISFP
a2691,클라이밍,,,"화, 수, 금, 토","이른 오전, 늦은 오후, 저녁",ISTJ
a2692,테니스,,,"월, 금",오전,ESTP
a2693,테니스,마라톤,,"월, 화, 수, 목, 금, 일","오전, 오후, 저녁, 밤",INFP
a2694,러닝,헬스,,금,"이른 오전, 오전, 오후, 늦은 오후, 밤",ISFP
a2695,탁구,,,"월, 화, 수, 금, 토","늦은 오후, 밤",ISFJ
a2696,필라테스,테니스,,"화, 목, 금, 일","오후, 늦은 오후",INFP
a2697,볼링,헬스,야구,"월, 수, 목, 금, 토, 일","오후, 늦은 오후, 저녁, 밤",ENTJ
a2698,크로스핏,인라인스케이트,,"월, 화","이른 오전, 저녁",ISTJ
a2699,유도,야구,,"화, 토","이른 오전, 오전, 오후, 늦은 오후, 저녁, 밤",ENFP
a2700,러닝,피구,,"월, 목",늦은 오후,ENFP
a2701,무에타이,스노보드,,"화, 목, 금, 토, 일","이른 오전, 오전, 오후, 저녁",ENFP
a2702,필라테스,농구,,"월, 화, 목, 금, 일","오전, 오후, 늦은 오후, 저녁, 밤",ENFJ
a2703,축구,,,"월, 화, 수, 목, 금, 토","오전, 오후, 밤",ESFP
a2704,유도,보드,,토,"이른 오전, 오후",ENTP
a2705,스쿼시,보드,야구,"월, 수, 목, 금, 토, 일","이른 오전, 오전, 오후, 늦은 오후, 저녁, 밤",INFP
a2706,골프/스크린골프,태권도,헬스,"월, 화, 수, 목, 금, 토, 일","오전, 오후, 늦은 오후",ENTP
a2707,축구,,,"월, 화, 수, 목, 금, 일","이른 오전, 오전, 저녁, 밤",ENFP
a2708,족구,농구,,"월, 화, 목, 금, 토, 일","늦은 오후, 밤",ESTJ
a2709,농구,볼링,,"수, 목","이른 오전, 늦은 오후, 저녁",ISTP
a2710,스쿼시,풋살,배구,"월, 화, 수, 금, 일",저녁,ISFJ
a2711,주짓수,,,"월, 화, 수, 목, 금, 토","이른 오전, 오전, 오후, 늦은 오후, 저녁, 밤",ISTJ
a2712,사이클,스키,배구,"월, 화, 수, 목, 금, 토, 일","오전, 오후, 저녁, 밤",ISFJ
a2713,무에타이,,,"월, 목","이른 오전, 오전, 오후, 늦은 오후, 저녁, 밤",INTP
a2714,골프/스크린골프,스노보드,,목,"이른 오전, 오전, 저녁",ESTP
a2715,요가,발야구,배구,목,"오전, 오후",ISFJ
a2716,보드,골프/스크린골프,,"화, 목, 일","저녁, 밤",ENTJ
a2717,보드,,,토,"이른 오전, 오전, 오후, 늦은 오후, 저녁, 밤",INTP
a2718,헬스,발야구,복싱,"화, 토","이른 오전, 오전, 늦은 오후",INFP
a2719,스쿼시,보드,,"화, 금","오전, 늦은 오후, 저녁, 밤",INTP
a2720,주짓수,볼링,헬스,"월, 화, 수, 목, 금, 토, 일","늦은 오후, 저녁",ISTP
a2721,풋살,주짓수,테니스,"월, 목, 금","이른 오전, 오후, 늦은 오후, 저녁, 밤",ESFP
a2722,인라인스케이트,수영,스쿼시,"월, 목, 일","저녁, 밤",ISFJ
a2723,태권도,등산,,일,"이른 오전, 저녁, 밤",INTP
a2724,필라테스,헬스,배드민턴,"화, 목, 금, 토, 일",늦은 오후,INFJ
a2725,인라인스케이트,서핑,탁구,"월, 화, 수, 금, 토, 일","이른 오전, 오전, 오후, 늦은 오후, 저녁, 밤",ESTP
a2726,복싱,,,"월, 수, 목, 금, 토, 일","이른 오전, 오전, 오후, 늦은 오후, 저녁, 밤",INTJ
a2727,발야구,,,"월, 화, 수, 목, 금, 토, 일","오후, 늦은 오후, 저녁, 밤",INTP
a2728,배구,,,"월, 화, 수, 목, 금, 토, 일","이른 오전, 오후, 저녁, 밤",ISFP
a2729,아이스스케이트,수영,필라테스,"화, 수, 목, 금, 토, 일",늦은 오후,ISTP
a2730,테니스,족구,,토,이른 오전,INTJ
a2731,야구,주짓수,,"월, 화, 수, 목, 금, 토, 일","이른 오전, 오전, 오후, 저녁, 밤",ESFP
a2732,스노보드,클라이밍,,"수, 일","오전, 오후, 늦은 오후",ISFP
a2733,클라이밍,러닝,,"목, 토, 일","이른 오전, 오전, 오후",ISTP
a2734,서핑,,,"화, 목, 토, 일",오후,ESTJ
a2735,아이스스케이트,,,"월, 수, 금, 토, 일","이른 오전, 오전, 오후, 늦은 오후, 저녁",ENFP
a2736,보드,서핑,복싱,"화, 수, 금, 토","이른 오전, 오전, 오후, 늦은 오후, 저녁",ESFJ
a2737,복싱,러닝,,"수, 금, 일","오전, 늦은 오후, 저녁, 밤",ESFP
a2738,야구,헬스,축구,"월, 화, 수, 목, 금, 토, 일","오전, 저녁",INFP
a2739,등산,러닝,사이클,"월, 화, 목, 금, 토, 일",저녁,ESTP
a2740,유도,,,"화, 목, 토, 일",오전,ISFJ
a2741,풋살,러닝,,"월, 수, 일","이른 오전, 오전, 오후, 늦은 오후, 저녁, 밤",ESTP
a2742,헬스,사이클,무에타이,"화, 금",늦은 오후,INTP
a2743,테니스,배드민턴,농구,"화, 목","이른 오전, 오전, 오후, 늦은 오후, 저녁, 밤",INTP
a2744,농구,골프/스크린골프,,"월, 화, 수, 금, 토, 일","이른 오전, 오전, 늦은 오후, 저녁, 밤",INTP
a2745,러닝,아이스스케이트,볼링,"수, 목, 금, 토",오전,ISTJ
a2746,발야구,클라이밍,스노보드,"월, 화, 목, 토, 일","이른 오전, 오전, 늦은 오후, 저녁, 밤",ESTJ
a2747,스노보드,크로스핏,,"수, 목, 토, 일","오전, 늦은 오후, 저녁, 밤",ISFJ
a2748,농구,,,"화, 금, 토, 일","이른 오전, 오전, 저녁",ISFP
a2749,수영,발야구,서핑,"월, 화, 목, 금, 토, 일","오전, 늦은 오후",INTJ
a2750,풋살,배구,,"월, 화, 수, 목, 금, 토","이른 오전, 오전, 오후, 늦은 오후",INTP
a2751,배드민턴,,,"월, 수, 목, 금","이른 오전, 오후, 저녁, 밤",ISFP
a2752,배구,배드민턴,복싱,"월, 목, 토, 일","이른 오전, 오전, 늦은 오후, 저녁, 밤",ISTJ
a2753,보드,피구,러닝,"목, 금",늦은 오후,ENFJ
a2754,발야구,,,"수, 일","늦은 오후, 저녁, 밤",ENTJ
a2755,크로스핏,,,"월, 수, 목, 금, 토",이른 오전,INTJ
a2756,축구,스쿼시,,"월, 목, 토","이른 오전, 밤",ESFP
a2757,요가,,,일,"이른 오전, 오전, 오후, 늦은 오후, 저녁, 밤",ISFP
a2758,발야구,주짓수,,"화, 수, 금, 토","늦은 오후, 저녁",ESFJ
a2759,크로스핏,탁구,,"목, 토","저녁, 밤",ENTJ
a2760,인라인스케이트,,,"화, 수, 금, 토, 일","오후, 밤",ISFP
a2761,아이스스케이트,야구,볼링,"수, 목, 금, 토, 일","이른 오전, 오전, 오후, 늦은 오후, 저녁, 밤",ESFP
a2762,아이스스케이트,인라인스케이트,,"월, 화, 금, 토","이른 오전, 오전, 늦은 오후, 저녁, 밤",ENTP
a2763,농구,족구,,"월, 수, 목, 금, 토, 일",오전,INFJ
a2764,족구,수영,인라인스케이트,"월, 화, 목, 금, 토, 일","이른 오전, 오전, 오후, 늦은 오후, 저녁, 밤",ESFP
a2765,보드,야구,,토,"이른 오전, 오전, 오후, 늦은 오후, 밤",ISTJ
a2766,마라톤,복싱,,화,"이른 오전, 오전, 오후, 늦은 오후, 저녁, 밤",ENTJ
a2767,보드,클라이밍,크로스핏,"월, 화, 수, 목, 금, 토, 일","이른 오전, 오전, 오후",ESFJ
a2768,인라인스케이트,,,"화, 수, 금, 토, 일","늦은 오후, 밤",ESTP
a2769,태권도,,,"월, 화, 금, 토, 일","이른 오전, 오전, 오후, 늦은 오후, 밤",ESTJ
a2770,풋살,축구,헬스,"수, 금, 토","이른 오전, 오전, 오후, 늦은 오후, 저녁, 밤",ISFP
a2771,배드민턴,,,"월, 화, 수, 목, 토","이른 오전, 오전, 늦은 오후, 저녁",INTJ
a2772,서핑,족구,,"수, 목, 토, 일","이른 오전, 오전, 저녁",INTJ
a2773,볼링,사이클,수영,"월, 수, 목, 금, 토, 일",오후,ISFP
a2774,러닝,마라톤,,"월, 수, 목","오전, 오후, 늦은 오후",ISFJ
a2775,스노보드,,,"화, 목","이른 오전, 오전, 오후, 늦은 오후, 저녁, 밤",INFJ
a2776,테니스,,,"월, 화, 목, 금","이른 오전, 오후, 늦은 오후, 밤",ESFJ
a2777,사이클,,,"수, 목, 토, 일",저녁,INTJ
a2778,아이스스케이트,태권도,,"월, 수, 금","이른 오전, 오전, 오후, 늦은 오후, 저녁, 밤",INTP
a2779,크로스핏,,,"화, 수, 목, 금, 토, 일","이른 오전, 오전",ESFP
a2780,태권도,야구,피구,"수, 목, 일","오전, 저녁, 밤",ISTP
a2781,아이스스케이트,,,"월, 화, 수, 목, 금, 토, 일",늦은 오후,ISTJ
a2782,배드민턴,,,"월, 수, 토, 일","이른 오전, 오전, 오후, 늦은 오후, 저녁, 밤",ENTP
a2783,무에타이,필라테스,축구,"월, 화, 수, 목, 토, 일","오전, 저녁",ESFJ
a2784,필라테스,,,화,"오후, 저녁",ISTJ
a2785,무에타이,인라인스케이트,,"월, 수, 목, 금, 일","오후, 늦은 오후, 저녁",INFP
a2786,골프/스크린골프,볼링,발야구,"월, 화, 수, 목",오전,INFJ
a2787,유도,마라톤,테니스,"월, 화, 목, 금, 토, 일",늦은 오후,ESTJ
a2788,축구,족구,,"화, 목, 금","오전, 밤",ENTP
a2789,볼링,사이클,,"월, 화, 수, 목, 금, 토, 일","이른 오전, 오전, 오후, 저녁, 밤",ISFP
a2790,사이클,,,"월, 화, 수, 금","오전, 오후, 늦은 오후",ENTP
a2791,등산,테니스,,"월, 수, 목, 금, 토, 일","늦은 오후, 저녁",ENFP
a2792,테니스,농구,마라톤,"월, 수, 목, 금",늦은 오후,INFJ
a2793,요가,,,"월, 수, 목, 금, 일","이른 오전, 오전, 늦은 오후, 저녁",INFJ
a2794,스키,요가,,"월, 화, 수, 목, 토, 일","이른 오전, 오후, 늦은 오후, 저녁, 밤",INFP
a2795,유도,러닝,스노보드,"월, 수, 목, 금, 일","이른 오전, 오전, 오후, 늦은 오후, 저녁",ENTJ
a2796,스쿼시,,,"월, 화, 수, 목, 금, 토, 일","오전, 오후, 늦은 오후",ISTJ
a2797,태권도,사이클,,목,"오후, 늦은 오후, 저녁",INFP
a2798,축구,스키,배드민턴,토,"이른 오전, 오전, 오후, 늦은 오후, 저녁, 밤",INTJ
a2799,태권도,복싱,보드,"월, 화, 금, 토","오전, 오후, 늦은 오후, 밤",ENTP
a2800,러닝,스키,야구,"화, 수, 목, 금, 토, 일","이른 오전, 오전, 오후, 늦은 오후, 저녁, 밤",ISTJ
a2801,야구,등산,무에타이,"월, 화, 수, 목, 토, 일","이른 오전, 오후, 늦은 오후, 저녁",ENTJ
a2802,태권도,등산,축구,"수, 일","오전, 오후, 밤",ISTP
a2803,배구,필라테스,,"월, 목, 금, 토, 일","오전, 오후",ENFP
a2804,헬스,볼링,,"월, 화, 수, 목, 금, 일",이른 오전,ISFJ
a2805,배드민턴,,,"월, 화, 수, 목, 금, 일","오전, 저녁",ISTJ
a2806,러닝,헬스,,"월, 금","이른 오전, 오후, 늦은 오후",ESTJ
a2807,족구,아이스스케이트,유도,일,"이른 오전, 늦은 오후, 저녁, 밤",ENFJ
a2808,클라이밍,,,"월, 화, 수, 목, 금, 토","오전, 늦은 오후, 저녁",ISTP
a2809,보드,축구,필라테스,"월, 목, 토, 일","이른 오전, 오전, 오후, 늦은 오후, 저녁, 밤",ENFP
a2810,무에타이,필라테스,등산,"월, 수, 목, 금, 토","이른 오전, 오후, 늦은 오후, 저녁",ENFP
a2811,무에타이,,,"월, 화, 수, 목, 금, 토, 일","오후, 저녁",ISTJ
a2812,클라이밍,족구,,"월, 화, 수, 금",오전,ESFP
a2813,피구,,,"월, 화, 수, 토, 일","이른 오전, 오전, 오후, 늦은 오후, 저녁, 밤",ENFP
a2814,보드,볼링,배드민턴,"월, 화, 수","이른 오전, 오전, 오후, 늦은 오후, 저녁, 밤",ESFJ
a2815,클라이밍,필라테스,,"월, 화, 수, 목, 금, 토, 일","이른 오전, 오전, 저녁",ESFJ
a2816,배구,보드,,"화, 수, 목, 일","오전, 늦은 오후",INFP
a2817,인라인스케이트,사이클,스쿼시,목,"저녁, 밤",ENTJ
a2818,마라톤,태권도,풋살,"월, 화, 수, 일",밤,ESTP
a2819,보드,스쿼시,,"월, 화, 수, 목, 금, 토, 일","오후, 밤",INFP
a2820,볼링,스쿼시,필라테스,"월, 화, 수, 목, 금, 토, 일","이른 오전, 오전, 오후, 늦은 오후, 저녁, 밤",ENTP
a2821,축구,,,화,"오전, 오후, 저녁, 밤",INTP
a2822,클라이밍,요가,스쿼시,일,"이른 오전, 오전, 오후, 저녁, 밤",INTJ
a2823,농구,보드,클라이밍,금,"이른 오전, 오후, 늦은 오후",ISTP
a2824,태권도,,,목,"오전, 오후, 늦은 오후, 저녁, 밤",ISFJ
a2825,태권도,주짓수,,"월, 수, 목, 금, 토, 일",저녁,ENFJ
a2826,배구,,,"월, 화, 목, 토, 일","이른 오전, 오전, 오후, 늦은 오후, 저녁, 밤",ISTJ
a2827,러닝,,,"월, 화, 수, 목, 금, 토, 일",저녁,ESTP
a2828,필라테스,,,"월, 화, 수, 목, 금, 일","이른 오전, 오전, 오후, 늦은 오후, 저녁, 밤",INFJ
a2829,헬스,클라이밍,무에타이,"월, 화, 수, 목, 토, 일","이른 오전, 오전, 오후, 저녁, 밤",INTJ
a2830,주짓수,스노보드,,금,"이른 오전, 오후, 늦은 오후, 저녁, 밤",ENTP
a2831,마라톤,필라테스,,"월, 수, 목, 금, 토, 일",오전,ENTJ
a2832,서핑,,,화,"오후, 늦은 오후, 저녁",ENFP
a2833,태권도,주짓수,수영,"월, 화, 수, 금, 일","오전, 오후, 늦은 오후",INFJ
a2834,배드민턴,,,"월, 일","이른 오전, 오전, 늦은 오후, 저녁, 밤",INFJ
a2835,족구,볼링,헬스,"월, 화, 수, 목, 금, 토, 일","이른 오전, 오전, 오후, 늦은 오후, 저녁, 밤",ISTP
a2836,농구,,,"화, 수, 목, 금, 토, 일","이른 오전, 오전, 오후, 늦은 오후, 저녁, 밤",INFJ
a2837,태권도,발야구,피구,토,오후,ESTP
a2838,크로스핏,볼링,축구,화,"이른 오전, 오전, 오후, 늦은 오후, 밤",ESTP
a2839,발야구,,,"화, 목, 금, 토","이른 오전, 오전, 오후, 늦은 오후, 저녁, 밤",INTP
a2840,발야구,보드,사이클,"월, 화, 수, 목, 금, 토, 일","이른 오전, 오후, 늦은 오후, 밤",ISFP
a2841,주짓수,무에타이,,"월, 수, 토, 일","이른 오전, 오후, 늦은 오후, 저녁",ESFP
a2842,요가,서핑,,"월, 수, 금","이른 오전, 오후, 저녁, 밤",ISTP
a2843,주짓수,아이스스케이트,,"화, 수, 목, 금, 토","오전, 오후, 늦은 오후",ENTP
a2844,클라이밍,등산,,"월, 수, 목, 금, 토, 일","늦은 오후, 밤",ISTJ
a2845,유도,,,"월, 화, 수, 목, 토, 일","이른 오전, 오전, 오후, 늦은 오후, 저녁, 밤",INFJ
a2846,스노보드,,,"월, 금, 일","오전, 오후, 늦은 오후, 저녁",INFJ
a2847,풋살,헬스,,"월, 수, 목","이른 오전, 오전, 오후, 늦은 오후, 저녁, 밤",INFP
a2848,스노보드,스쿼시,,"월, 수, 목, 일","이른 오전, 오전, 늦은 오후, 저녁, 밤",INFJ
a2849,야구,무에타이,마라톤,"토, 일","이른 오전, 오전, 오후, 늦은 오후, 저녁",ESTJ
a2850,크로스핏,,,"월, 화, 수, 일","이른 오전, 오후",ENFJ
a2851,아이스스케이트,,,"월, 화, 수, 목, 토, 일","오전, 오후, 늦은 오후",INFJ
a2852,탁구,아이스스케이트,스키,"월, 화, 목, 금, 토","이른 오전, 오후, 늦은 오후, 저녁, 밤",ESTP
a2853,유도,테니스,,"화, 목, 일","이른 오전, 오전, 오후, 늦은 오후, 저녁, 밤",ESTP
a2854,탁구,,,"월, 목, 금",이른 오전,ESTJ
a2855,헬스,유도,,"화, 수","오후, 늦은 오후, 밤",ENFJ
a2856,태권도,,,"월, 화, 수, 목, 금, 토, 일",밤,ESFJ
a2857,마라톤,클라이밍,유도,"월, 화, 금","이른 오전, 오전, 오후, 늦은 오후, 저녁, 밤",ISTJ
a2858,스노보드,보드,필라테스,"화, 수, 금, 토","이른 오전, 오전, 늦은 오후, 저녁, 밤",ISTP
a2859,스키,야구,,"금, 토, 일","이른 오전, 오전, 늦은 오후, 저녁, 밤",INFP
a2860,피구,마라톤,요가,화,"이른 오전, 오전, 오후, 늦은 오후",ISTJ
a2861,테니스,,,"월, 화, 수, 목, 금, 토, 일","이른 오전, 저녁, 밤",ENTP
a2862,배구,풋살,,"월, 화, 목, 금, 토","이른 오전, 오전, 오후, 늦은 오후, 저녁, 밤",ENTJ
a2863,마라톤,,,"월, 화, 수, 목, 금, 토, 일","이른 오전, 오후, 늦은 오후",ENTJ
a2864,주짓수,탁구,,"월, 수, 목, 금, 토, 일","이른 오전, 오후, 밤",INTP
a2865,헬스,클라이밍,,"화, 수",밤,ISTP
a2866,무에타이,야구,필라테스,"월, 수, 목, 금, 일","늦은 오후, 밤",ISTJ
a2867,스키,,,"월, 화, 수, 금, 토, 일","이른 오전, 오후, 늦은 오후, 저녁, 밤",ESTJ
a2868,배드민턴,,,"화, 수, 목, 금, 토, 일","이른 오전, 오전, 오후, 저녁, 밤",ENTP
a2869,풋살,스키,족구,"수, 토","오후, 늦은 오후",ESFJ
a2870,족구,,,"월, 화, 일","이른 오전, 오전, 오후, 늦은 오후, 저녁, 밤",ENTJ
a2871,요가,수영,배구,금,저녁,ESFJ
a2872,아이스스케이트,스키,,토,"이른 오전, 오후, 늦은 오후, 저녁",INTP
a2873,족구,보드,무에타이,"화, 수, 금, 토","이른 오전, 오후, 늦은 오후, 밤",ESFJ
a2874,볼링,농구,,"월, 수, 목, 금, 토, 일","오후, 저녁",ENTJ
a2875,필라테스,배구,풋살,"월, 화, 목, 일","이른 오전, 오전, 오후, 밤",INFP
a2876,무에타이,,,"월, 화, 목, 금, 토, 일",늦은 오후,INFJ
a2877,헬스,인라인스케이트,사이클,월,오후,ISFJ
a2878,스키,클라이밍,스노보드,"월, 화, 토, 일","오전, 오후, 늦은 오후, 저녁, 밤",INFJ
a2879,크로스핏,헬스,,"월, 목, 토, 일","저녁, 밤",ENTJ
a2880,요가,,,"월, 화, 금, 일","이른 오전, 오후, 밤",ISFP
a2881,스노보드,,,"월, 화, 수, 금, 토, 일","이른 오전, 저녁, 밤",ENTP
a2882,스쿼시,서핑,,"월, 화, 수, 목, 금, 토, 일",늦은 오후,ENFJ
a2883,스키,,,일,"오전, 오후, 저녁",ENTJ
a2884,서핑,족구,유도,"화, 수, 목, 금, 일",이른 오전,ESFJ
a2885,피구,요가,아이스스케이트,"금, 토, 일","이른 오전, 오후, 늦은 오후, 저녁, 밤",ENFP
a2886,등산,,,목,"이른 오전, 늦은 오후, 저녁, 밤",ISFP
a2887,배드민턴,족구,스노보드,"월, 화, 수, 목, 금, 토, 일","오전, 오후, 늦은 오후, 저녁, 밤",ENFJ
a2888,등산,테니스,,"화, 수, 금, 토, 일","오전, 오후, 늦은 오후, 저녁, 밤",INFP
a2889,헬스,야구,,"월, 화, 수, 목, 토, 일","이른 오전, 저녁",ESFP
a2890,족구,헬스,농구,"월, 화, 수, 금, 토, 일",저녁,ENFP
a2891,볼링,,,"화, 수, 금, 토, 일",늦은 오후,ISTJ
a2892,러닝,무에타이,,"월, 화, 수, 목, 금, 토, 일","오전, 늦은 오후, 밤",ENTJ
a2893,탁구,,,"월, 화, 수, 목, 금, 일",저녁,INFP
a2894,마라톤,스노보드,,"수, 목, 금, 토, 일","늦은 오후, 저녁, 밤",ESFP
a2895,풋살,아이스스케이트,,"화, 토",늦은 오후,ESFP
a2896,골프/스크린골프,복싱,,"월, 화, 수, 금, 토, 일","오전, 오후, 저녁",ISFJ
a2897,야구,크로스핏,,월,"이른 오전, 오전, 저녁, 밤",ISTJ
a2898,아이스스케이트,,,토,"이른 오전, 오전, 오후, 늦은 오후, 저녁, 밤",ENTP
a2899,아이스스케이트,,,"화, 토","오전, 오후, 저녁, 밤",ISTJ
a2900,헬스,축구,클라이밍,"월, 화, 목, 금, 토, 일","오전, 밤",ESFJ
a2901,아이스스케이트,,,"월, 화, 수, 목, 금, 일","이른 오전, 오전, 오후, 늦은 오후, 저녁, 밤",ENTP
a2902,발야구,탁구,야구,"월, 수, 목, 금, 토, 일",이른 오전,ISTJ
a2903,스노보드,,,월,이른 오전,INTJ
a2904,볼링,필라테스,,"월, 화, 수, 목, 금, 토, 일","오전, 늦은 오후, 저녁",ESFJ
a2905,풋살,스키,수영,"월, 목, 일","이른 오전, 오전, 늦은 오후, 저녁, 밤",ISFP
a2906,요가,사이클,,"목, 일","이른 오전, 오전, 오후, 늦은 오후, 저녁, 밤",ESTP
a2907,스쿼시,볼링,,"월, 금, 토, 일","이른 오전, 늦은 오후, 저녁, 밤",ESFJ
a2908,볼링,클라이밍,골프/스크린골프,토,"이른 오전, 오후, 밤",INFJ
a2909,발야구,복싱,무에타이,"월, 화, 수, 목, 금, 토, 일","늦은 오후, 저녁, 밤",ESFJ
a2910,유도,,,"월, 수, 금, 토","오전, 오후",INFJ
a2911,피구,등산,배드민턴,"월, 화, 금","오전, 저녁, 밤",ISTP
a2912,보드,주짓수,,"월, 화, 수, 목, 금, 토, 일","이른 오전, 오전, 저녁, 밤",ENFP
a2913,축구,,,"금, 토",이른 오전,ISTP
a2914,클라이밍,마라톤,,"월, 목, 금, 토, 일","이른 오전, 오후, 저녁",ENTP
a2915,유도,배구,,"월, 화, 목, 금, 일","이른 오전, 오전, 오후, 늦은 오후, 저녁, 밤",ISTP
a2916,주짓수,,,"월, 화, 수, 목, 토, 일","이른 오전, 오후, 늦은 오후, 저녁, 밤",ESTJ
a2917,헬스,,,"목, 일","오후, 저녁, 밤",INTJ
a2918,골프/스크린골프,,,"월, 화, 수, 목, 금, 토, 일","늦은 오후, 저녁",ENFJ
a2919,농구,야구,,"월, 화, 수, 목, 금, 토, 일","오전, 오후, 늦은 오후, 저녁",ISFJ
a2920,배드민턴,보드,,"월, 화, 수, 목, 토, 일","오전, 오후, 늦은 오후, 저녁",ENTP
a2921,족구,필라테스,태권도,"월, 화, 수, 토","이른 오전, 오전, 오후, 늦은 오후, 밤",ENTJ
a2922,스노보드,족구,배구,"화, 수, 목, 토, 일",저녁,ESTP
a2923,요가,,,"수, 일","오전, 오후, 늦은 오후",INFP
a2924,수영,농구,,월,"이른 오전, 오전, 오후, 저녁, 밤",INTP
a2925,태권도,탁구,,"화, 목, 토","늦은 오후, 밤",ISFJ
a2926,스키,,,"월, 화, 수, 금, 토, 일",이른 오전,ENTJ
a2927,족구,복싱,탁구,"화, 목, 금, 토","오전, 늦은 오후",ISTP
a2928,등산,골프/스크린골프,복싱,"화, 목, 일","오후, 늦은 오후, 밤",ESTP
a2929,풋살,,,"월, 화, 수, 목, 금, 토, 일","이른 오전, 오전, 오후, 저녁",ESFJ
a2930,족구,야구,마라톤,"월, 목, 일","이른 오전, 오전, 오후, 저녁, 밤",ESFP
a2931,스쿼시,크로스핏,,"월, 화, 수, 금, 토","이른 오전, 늦은 오후",INTJ
a2932,인라인스케이트,클라이밍,스쿼시,"월, 금, 토","이른 오전, 오전, 오후, 늦은 오후, 저녁, 밤",ENTJ
a2933,스쿼시,,,"화, 금, 일","이른 오전, 오전, 오후, 늦은 오후, 저녁, 밤",ISFP
a2934,등산,배드민턴,,"월, 수, 금, 토, 일","이른 오전, 오후, 밤",ENTJ
a2935,볼링,러닝,,"월, 화, 수, 목, 금, 토, 일","이른 오전, 오전, 오후, 늦은 오후, 밤",ISTP
a2936,테니스,,,"월, 화, 금, 토, 일","이른 오전, 오전, 오후, 늦은 오후, 저녁, 밤",ESTJ
a2937,클라이밍,탁구,,"월, 화, 수, 목, 토","이른 오전, 오전, 오후, 늦은 오후, 저녁, 밤",ISTJ
a2938,농구,,,"월, 수, 금, 일","이른 오전, 오전, 오후",INFP
a2939,보드,테니스,,"월, 화, 수, 목, 토, 일","이른 오전, 오전, 오후, 늦은 오후, 저녁, 밤",ISTP
a2940,수영,테니스,,"수, 목, 토",이른 오전,INTJ
a2941,피구,,,"월, 화, 목, 금, 일",이른 오전,INTP
a2942,태권도,수영,,"월, 화, 목, 토, 일","오전, 오후, 늦은 오후, 저녁, 밤",INFJ
a2943,발야구,야구,유도,월,"이른 오전, 오후, 늦은 오후, 저녁, 밤",INFP
a2944,스쿼시,골프/스크린골프,,"수, 토, 일","이른 오전, 오전, 오후, 늦은 오후, 저녁, 밤",ESFJ
a2945,야구,골프/스크린골프,,월,늦은 오후,ENTJ
a2946,복싱,,,"월, 화, 수, 목, 금, 토, 일",오후,INTP
a2947,족구,,,"월, 금, 토, 일","이른 오전, 오전, 오후, 늦은 오후, 저녁, 밤",ESFP
a2948,인라인스케이트,태권도,골프/스크린골프,"월, 수, 금, 일",저녁,ENFP
a2949,발야구,,,"월, 화, 일","이른 오전, 오후, 늦은 오후, 저녁, 밤",INTJ
a2950,주짓수,아이스스케이트,복싱,"월, 화, 수, 목, 금, 토",밤,ENFJ
a2951,축구,볼링,태권도,일,"오전, 늦은 오후, 저녁",INTP
a2952,테니스,족구,,"월, 화, 수, 목, 금, 토, 일","이른 오전, 저녁",ESTP
a2953,보드,인라인스케이트,,"월, 화, 목","이른 오전, 오전, 오후, 늦은 오후, 저녁, 밤",ENFJ
a2954,야구,,,"월, 화, 수, 목, 금, 토","이른 오전, 오전, 오후, 늦은 오후, 저녁, 밤",ENTP
a2955,요가,헬스,러닝,"화, 수, 토","이른 오전, 밤",ESFJ
a2956,클라이밍,서핑,,"월, 수, 목, 금, 토, 일","이른 오전, 오전, 늦은 오후, 저녁, 밤",ESFJ
a2957,사이클,,,"월, 금, 토","이른 오전, 오전, 오후, 늦은 오후, 저녁, 밤",ISFJ
a2958,농구,아이스스케이트,,"수, 목, 금, 일","오전, 늦은 오후",INFJ
a2959,발야구,배드민턴,,"월, 수, 목, 금, 토, 일","이른 오전, 오후, 저녁, 밤",ISTJ
a2960,등산,보드,농구,"월, 화, 수, 금, 토, 일","이른 오전, 오전, 저녁, 밤",ESFJ
a2961,복싱,,,화,"이른 오전, 밤",ENFJ
a2962,헬스,보드,,"월, 화, 수, 목, 금, 토, 일","이른 오전, 오전, 오후, 저녁, 밤",ESTJ
a2963,태권도,,,"월, 화, 수, 목, 금, 토, 일","이른 오전, 밤",ESTJ
a2964,발야구,,,"월, 화, 수, 목, 금, 토, 일","오전, 밤",ISTP
a2965,축구,골프/스크린골프,클라이밍,"화, 수, 목, 금","오전, 오후, 늦은 오후, 저녁, 밤",ENFP
a2966,피구,마라톤,,"화, 수, 금, 토, 일",오후,INFP
a2967,배드민턴,러닝,요가,"월, 화, 수, 목, 금, 일","이른 오전, 오전, 오후, 저녁",INFP
a2968,발야구,태권도,마라톤,토,"이른 오전, 오전, 오후, 늦은 오후, 저녁, 밤",ISTP
a2969,배드민턴,수영,주짓수,"월, 화, 수, 목, 금, 토, 일","이른 오전, 오전, 오후",ESTJ
a2970,무에타이,클라이밍,,"월, 목, 금, 일","이른 오전, 오전, 오후, 저녁, 밤",ENFP
a2971,풋살,,,일,"이른 오전, 오전, 오후, 늦은 오후, 저녁, 밤",ISTJ
a2972,배드민턴,,,"월, 화, 수, 목, 토, 일","이른 오전, 오전, 오후",INFP
a2973,무에타이,골프/스크린골프,,"월, 토","이른 오전, 오후, 늦은 오후, 저녁",INTP
a2974,스노보드,서핑,,"월, 화, 목, 금, 토, 일","이른 오전, 오전, 오후, 늦은 오후, 밤",ESTP
a2975,주짓수,크로스핏,,"월, 수, 목, 금, 토, 일","오전, 늦은 오후, 밤",ENTP
a2976,서핑,유도,아이스스케이트,"월, 화, 수, 목, 금, 토, 일",저녁,ISTP
a2977,복싱,골프/스크린골프,피구,"월, 화, 수, 목, 금, 토, 일","이른 오전, 오전, 밤",ENFJ
a2978,헬스,인라인스케이트,마라톤,"화, 목, 토","오전, 늦은 오후, 저녁",ESFJ
a2979,클라이밍,스키,서핑,"화, 수, 목, 금, 토, 일","이른 오전, 저녁, 밤",ESTP
a2980,서핑,,,"화, 수, 목, 금, 토, 일","오전, 오후, 늦은 오후",ENTP
a2981,배구,마라톤,농구,금,"오후, 늦은 오후, 밤",ESTP
a2982,보드,농구,인라인스케이트,"수, 금","오후, 늦은 오후",ESFJ
a2983,요가,유도,아이스스케이트,"월, 화, 수, 목, 금, 토, 일","오전, 밤",ISTJ
a2984,농구,유도,,"월, 화, 목, 금, 토, 일","오전, 저녁",INFJ
a2985,아이스스케이트,,,"월, 화, 수, 목, 금, 토, 일","오전, 오후, 저녁, 밤",ESTP
a2986,족구,피구,요가,"화, 금",저녁,ISFJ
a2987,등산,사이클,,"월, 화, 수, 목, 토, 일","이른 오전, 오전, 오후, 늦은 오후, 저녁, 밤",ESTP
a2988,탁구,,,일,"이른 오전, 오전, 오후, 늦은 오후, 밤",INFP
a2989,태권도,피구,,"월, 화, 목, 금, 일","이른 오전, 늦은 오후, 저녁",INFP
a2990,등산,,,"월, 목, 일","이른 오전, 오전, 오후, 늦은 오후, 저녁, 밤",ENTJ
a2991,주짓수,,,일,이른 오전,ENFJ
a2992,무에타이,족구,배드민턴,"수, 금, 토, 일","오후, 늦은 오후",INFP
a2993,등산,러닝,마라톤,"월, 금, 일","오전, 오후, 늦은 오후, 저녁, 밤",ISFP
a2994,클라이밍,러닝,,"월, 화, 수, 목, 금, 토, 일","이른 오전, 오전, 오후, 늦은 오후, 밤",INFP
a2995,골프/스크린골프,발야구,,"화, 수, 금","오전, 오후, 밤",INTJ
a2996,풋살,,,"월, 화, 목, 금, 토, 일","오전, 오후, 늦은 오후",ENFJ
a2997,스노보드,배구,테니스,"월, 화, 목, 금, 토, 일","이른 오전, 늦은 오후, 저녁, 밤",ESFP
a2998,스쿼시,수영,마라톤,"월, 화, 수, 목, 금, 토, 일",오전,INTP
a2999,골프/스크린골프,배드민턴,,"화, 수, 토, 일","이른 오전, 오전, 늦은 오후, 밤",ISFJ
a3000,태권도,,,"월, 토","이른 오전, 오전, 오후, 늦은 오후, 저녁",ISFP
