user_id,user_nick,user_sex,user_age
a1,기발한별,male,39
a2,신나는열매,male,29
a3,활기찬시간여행,male,45
a4,무지한야상곰,female,30
a5,독립적인환상,female,19
a6,포근한열정,female,39
a7,용감한스릴러,female,19
a8,심플한사슴,female,41
a9,건강한초록나무,male,35
a10,차분한풍경,female,23
a11,예쁜우주선,female,33
a12,고요한드래곤,male,26
a13,신비로운악마,female,39
a14,신나는시선,female,37
a15,차분한대학생,female,37
a16,소란스러운의문의,male,22
a17,창의적인영감,male,39
a18,창의적인로맨틱,female,20
a19,화려한탐험,male,48
a20,실용적인미스터리,female,48
a21,열렬한현실,male,22
a22,귀중한이야기,male,23
a23,현실적인영감,female,38
a24,솔직한로맨틱,male,24
a25,열정적인탐험가,male,24
a26,성실한풍경,female,33
a27,청결한마법의숲,male,29
a28,열정적인현실,male,22
a29,적극적인항해자,female,33
a30,신비로운항해자,male,28
a31,귀중한모험,female,22
a32,용감한마법,female,48
a33,독특한현실,male,44
a34,기발한마법사,male,27
a35,유연한히어로,female,43
a36,촉망받는초록나무,male,43
a37,심플한플라워,female,24
a38,솔직한무한,female,25
a39,활기찬드라마,female,19
a40,포근한꿈,male,32
a41,실용적인희망,female,27
a42,열렬한플라워,female,38
a43,차분한비밀요원,male,21
a44,활기찬현실,female,35
a45,기발한비밀요원,female,32
a46,창의적인별,female,20
a47,신선한마법,male,27
a48,부드러운시간여행,female,40
a49,화려한이야기,female,43
a50,화기애애한꿈,male,34
a51,차분한해적,female,47
a52,현실적인희망,female,44
a53,신비로운전략가,female,20
a54,열렬한우주선,male,25
a55,신선한연주가,female,30
a56,다정한자유자재,female,39
a57,열렬한해적,male,42
a58,밝은판타지,male,31
a59,평온한영웅,male,36
a60,촉망받는비행사,male,45
a61,황홀한원더우먼,male,24
a62,활기찬음악애호가,male,22
a63,활발한외계인,female,43
a64,놀라운플라워,male,23
a65,신비로운성검사,female,26
a66,성실한드래곤,female,29
a67,신선한시선,male,30
a68,신선한영웅,female,40
a69,엉뚱한항해자,female,33
a70,활발한도전,male,28
a71,섬세한영웅,female,40
a72,냉정한금화,male,48
a73,영롱한음악자,female,27
a74,화려한심연,male,38
a75,포근한바다소년,male,30
a76,예쁜이상,male,35
a77,소란스러운볼거리,female,44
a78,활발한대지,female,41
a79,천진난만한이상,male,44
a80,고요한환상,female,19
a81,감성적인코믹,male,21
a82,활기찬초록나무,male,30
a83,담백한세계,female,47
a84,끈질긴꿈,male,40
a85,귀중한마법,female,42
a86,포근한비밀요원,male,46
a87,우아한웃음소리,male,46
a88,우아한영웅,male,21
a89,우아한야상곰,female,18
a90,유쾌한도전,female,19
a91,고요한영웅,male,24
a92,귀여운대장,male,28
a93,차가운스릴러,female,27
a94,화려한천국,male,37
a95,우아한밤하늘,female,25
a96,기발한미스터리,female,48
a97,다정한천국,female,46
a98,소란스러운여행,female,47
a99,촉망받는우주선,female,40
a100,신비로운꿈,male,30
a101,황홀한고요한,male,31
a102,우아한현실,male,39
a103,화려한거북이,female,31
a104,섬세한스파이,female,42
a105,밝은스케이트,male,25
a106,미소짓는아름다움,male,18
a107,평온한웃음소리,male,47
a108,환상적인영감,male,22
a109,화려한달빛,female,29
a110,황홀한비행사,male,23
a111,대담한우주선,female,23
a112,정직한비행사,female,22
a113,신비로운환상,female,46
a114,차분한열기,female,34
a115,귀여운금화,female,18
a116,차가운별,male,43
a117,적극적인고요함,female,18
a118,소란스러운영감,male,30
a119,섬세한고요한,male,39
a120,자유로운현실,female,23
a121,용감한대지,male,25
a122,고요한모험,male,38
a123,우아한시선,male,18
a124,화려한손끝,male,32
a125,귀여운마법사,female,22
a126,신비로운도전,female,19
a127,실용적인영감,female,45
a128,균형잡힌연주가,female,37
a129,특별한마법,female,27
a130,귀여운항해자,female,26
a131,균형잡힌판타지,female,28
a132,기발한손끝,female,37
a133,기발한마법,female,25
a134,유연한우주선,female,42
a135,낭만적인드래곤,female,31
a136,부지런한로맨틱,male,18
a137,적극적인음악자,male,38
a138,신나는숲속,female,30
a139,밝은대장,male,44
a140,고요한이상,female,39
a141,무지한영감,female,43
a142,황홀한해변,male,33
a143,차분한인디고,female,33
a144,용감한시선,male,32
a145,차분한코믹,male,45
a146,성공한도전,male,36
a147,열정적인음악애호가,male,44
a148,담백한여행,female,23
a149,차가운모험가,female,19
a150,청결한이상,female,37
a151,적극적인해적,male,28
a152,소란스러운고요한,male,38
a153,귀중한손끝,female,41
a154,청결한마법사,male,41
a155,창의적인항해자,male,24
a156,차분한이야기,female,26
a157,솔직한드래곤,female,19
a158,밝은고요함,female,43
a159,적극적인무역상,male,24
a160,신비로운역사,male,39
a161,유연한영웅,male,45
a162,청결한악마,female,44
a163,도전적인손끝,male,36
a164,엉뚱한영웅,female,24
a165,열정적인악마,male,37
a166,천진난만한명상가,male,47
a167,부드러운불꽃,male,18
a168,우아한드라마,female,30
a169,귀중한역사,female,35
a170,유쾌한새벽,female,46
a171,자유로운자유,female,43
a172,낭만적인초록나무,female,28
a173,엉뚱한판타지,male,40
a174,건강한거북이,female,48
a175,우아한대장,male,34
a176,대담한열매,male,35
a177,신비로운새벽,male,28
a178,성실한스케이트,female,46
a179,생생한무역상,female,42
a180,신선한대지,female,47
a181,대담한여행,female,29
a182,냉정한영감,male,36
a183,신비로운시간여행,male,25
a184,신비로운우주선,female,39
a185,용감한판타지,female,25
a186,다정한불꽃,female,27
a187,신선한사슴,male,35
a188,섬세한달빛,male,47
a189,청결한역사,male,24
a190,심플한비행사,female,22
a191,균형잡힌웃음소리,male,23
a192,열정적인우주선,female,34
a193,균형잡힌무역상,female,24
a194,예쁜금화,male,28
a195,심플한아름다움,male,22
a196,정직한해적,male,38
a197,화려한무한,male,37
a198,창의적인현실,female,34
a199,현실적인웃음소리,female,26
a200,차가운달빛,female,30
a201,차분한탐험,female,42
a202,냉정한비밀요원,male,37
a203,화기애애한음악자,male,29
a204,열렬한전략가,male,38
a205,독립적인여왕,male,44
a206,섬세한미소,female,36
a207,밝은악마,male,48
a208,자유로운음악자,female,18
a209,섬세한야상곰,male,36
a210,예쁜미스터리,female,48
a211,끈질긴아름다움,male,43
a212,감성적인아티스트,male,38
a213,환상적인숲의정령,female,42
a214,유연한여왕,female,33
a215,신나는스파이,female,42
a216,심플한히어로,female,22
a217,현실적인영웅,male,19
a218,유쾌한음악자,female,39
a219,무지한여행자,male,45
a220,신나는아티스트,male,24
a221,정직한이야기,female,20
a222,부드러운드래곤,female,28
a223,유연한성검사,male,43
a224,용감한드라마,male,23
a225,점잖은드라마,male,37
a226,귀중한대지,male,47
a227,실용적인무한,female,19
a228,화려한해적,female,39
a229,신선한미스터리,female,35
a230,차가운현실,male,37
a231,차분한자유자재,male,39
a232,건강한스케이트,female,18
a233,고요한원더우먼,male,46
a234,창의적인마법,female,23
a235,감성적인세계,female,32
a236,귀여운웃음소리,male,43
a237,건강한열기,male,32
a238,현실적인모험가,male,32
a239,화려한히어로,male,47
a240,감각적인악마,female,24
a241,소란스러운무서운,female,28
a242,낭만적인별,male,39
a243,무지한미로,female,26
a244,창의적인마법의숲,male,37
a245,기발한현실,male,40
a246,신비로운비밀요원,female,31
a247,솔직한전사,female,34
a248,담백한명상가,male,44
a249,포근한자유,female,20
a250,독특한손끝,female,23
a251,열정적인초록나무,female,40
a252,예쁜명상가,male,25
a253,미소짓는볼거리,female,46
a254,점잖은거북이,female,36
a255,우아한마법의숲,female,32
a256,우아한도전,male,48
a257,대담한고요함,male,47
a258,신선한열정,male,28
a259,적극적인자유자재,female,29
a260,차가운아티스트,male,32
a261,우아한악마,female,42
a262,심플한판타지,female,32
a263,평온한해적,female,34
a264,부지런한황금,female,39
a265,감성적인숲의정령,male,43
a266,촉망받는자유자재,male,34
a267,신비로운감시자,female,30
a268,균형잡힌음악자,female,28
a269,유쾌한아티스트,male,21
a270,화려한미스터리,female,29
a271,영롱한숲속,male,41
a272,황홀한여행,female,20
a273,창의적인숲속,male,37
a274,차분한마법,female,22
a275,화려한마법의숲,male,37
a276,건강한성검사,female,27
a277,특별한전략가,male,46
a278,놀라운우주선,male,22
a279,열심히하는자유자재,female,30
a280,기발한전략가,male,26
a281,끈질긴스릴러,female,27
a282,신나는불꽃,female,37
a283,소란스러운유령,male,42
a284,차분한여왕,male,20
a285,적극적인심연,female,34
a286,소란스러운천국,male,45
a287,영롱한모험가,female,40
a288,촉망받는황금,male,41
a289,신비로운여행자,female,23
a290,끈질긴음악,female,39
a291,청결한무서운,female,47
a292,예쁜모험가,male,34
a293,열렬한아티스트,male,42
a294,담백한현실,female,28
a295,균형잡힌역사,male,25
a296,특별한열매,male,23
a297,적극적인탐험,female,47
a298,도전적인인디고,male,37
a299,대담한인디고,male,34
a300,차가운드래곤,female,29
a301,화려한고양이,female,34
a302,생생한밤하늘,male,25
a303,청결한자유자재,female,24
a304,신나는천국,male,21
a305,낭만적인명상가,male,22
a306,성공한영웅,female,22
a307,실용적인이상,female,36
a308,성공한희망,female,19
a309,예쁜판타지,male,45
a310,감성적인전략가,female,30
a311,밝은대지,female,30
a312,화려한탐험가,male,33
a313,영롱한무서운,male,44
a314,소란스러운스케이트,male,23
a315,차분한고요한,male,28
a316,기발한고요한,female,29
a317,무지한대장,female,48
a318,감각적인무역상,female,19
a319,차가운볼거리,male,30
a320,독립적인영감,female,37
a321,건강한달빛,male,40
a322,심플한바다소년,female,30
a323,활발한거북이,female,31
a324,용감한드래곤,male,30
a325,차가운거북이,male,22
a326,무지한꿈,female,28
a327,독특한꿈,male,37
a328,심플한풍경,female,37
a329,영롱한스파이,female,48
a330,포근한대학생,male,45
a331,미소짓는새벽,male,43
a332,환상적인불꽃,male,37
a333,건강한로맨틱,male,20
a334,청결한영감,female,27
a335,낭만적인여행,male,47
a336,냉정한거북이,male,38
a337,대담한음악자,male,45
a338,차분한사슴,male,37
a339,신선한스파이,female,35
a340,활발한여행,female,42
a341,우아한마법,male,47
a342,특별한역사,female,45
a343,청결한독립,male,44
a344,점잖은해적,female,34
a345,고요한감시자,female,30
a346,미소짓는외계인,male,19
a347,유쾌한역사,male,30
a348,풍부한우주선,female,44
a349,생생한열매,male,45
a350,특별한시선,male,38
a351,신비로운모험가,female,20
a352,실용적인미소,male,29
a353,용감한도전,female,29
a354,차가운비밀요원,male,39
a355,포근한스케이트,female,43
a356,신비로운고요함,male,32
a357,무지한이상,male,39
a358,섬세한웃음소리,male,48
a359,균형잡힌풍경,female,46
a360,독특한영웅,female,23
a361,섬세한고양이,female,32
a362,독특한역사,male,43
a363,소란스러운마법사,male,25
a364,다정한도전,female,25
a365,성실한의문의,female,37
a366,유쾌한고양이,male,34
a367,차가운로맨틱,female,37
a368,정직한미소,female,31
a369,화려한외계인,male,31
a370,솔직한미소,male,19
a371,정직한열기,male,30
a372,화려한음악애호가,female,28
a373,낭만적인탐험가,female,22
a374,차분한모험가,male,22
a375,특별한미로,male,43
a376,고요한음악,male,30
a377,차분한항해자,female,30
a378,황홀한역사,male,22
a379,차가운무서운,male,29
a380,섬세한영감,male,18
a381,우아한심연,female,21
a382,다정한새벽,male,33
a383,섬세한자유자재,male,21
a384,귀중한스릴러,female,26
a385,기발한심연,female,34
a386,차가운금화,female,47
a387,용감한숲속,male,28
a388,놀라운초록나무,female,34
a389,신비로운미소,female,37
a390,포근한세계,female,27
a391,성공한스파이,female,46
a392,균형잡힌꿈,female,39
a393,부지런한히어로,female,40
a394,감성적인현실,male,43
a395,독특한자유자재,male,19
a396,화려한마법사,male,40
a397,성공한불꽃,male,24
a398,풍부한비밀요원,female,42
a399,독특한숲의정령,male,23
a400,촉망받는연주가,male,26
a401,풍부한여행자,male,37
a402,활기찬음악,female,29
a403,귀여운모험,female,43
a404,화려한금화,female,42
a405,환상적인드라마,male,27
a406,균형잡힌무서운,male,21
a407,감각적인탐험,female,21
a408,우아한꿈,female,28
a409,특별한고요한,female,24
a410,밝은여왕,male,21
a411,창의적인모험가,female,47
a412,대담한별,male,36
a413,열정적인코믹,female,18
a414,건강한탐험가,male,28
a415,엉뚱한외계인,male,36
a416,포근한무역상,female,30
a417,화려한영감,female,20
a418,화려한환상,female,40
a419,화기애애한대지,female,30
a420,성실한대학생,female,26
a421,풍부한불꽃,male,38
a422,촉망받는별,male,23
a423,성공한풍경,female,19
a424,활기찬천국,male,39
a425,차분한꿈,male,21
a426,현실적인음악애호가,male,22
a427,환상적인전사,female,41
a428,귀여운해변,female,48
a429,낭만적인고양이,female,36
a430,감각적인초록나무,female,31
a431,화기애애한마법,male,37
a432,우아한세계,male,35
a433,우아한스파이,male,42
a434,성실한영감,male,34
a435,부지런한스파이,male,40
a436,자유로운탐험,female,24
a437,감성적인판타지,male,38
a438,우아한모험가,female,42
a439,신선한히어로,male,37
a440,소란스러운성검사,female,18
a441,천진난만한전사,male,31
a442,자유로운거북이,male,19
a443,엉뚱한금화,male,33
a444,감성적인마법사,male,28
a445,균형잡힌유령,female,40
a446,활발한인디고,male,18
a447,유연한심연,female,41
a448,예쁜성검사,male,44
a449,균형잡힌전략가,male,33
a450,화기애애한명상가,male,33
a451,성공한의문의,female,25
a452,천진난만한우주선,female,41
a453,화기애애한모험,female,33
a454,영롱한도전,female,35
a455,미소짓는열매,female,22
a456,귀중한탐험가,female,32
a457,영롱한드래곤,male,47
a458,평온한대장,female,42
a459,특별한원더우먼,female,46
a460,놀라운외계인,female,45
a461,천진난만한세계,female,37
a462,차가운미스터리,female,22
a463,차분한마법의숲,female,24
a464,화기애애한자유,female,20
a465,독특한거북이,female,30
a466,낭만적인거북이,female,26
a467,담백한이야기,male,26
a468,소란스러운영웅,female,26
a469,부드러운스릴러,female,39
a470,미소짓는무한,female,41
a471,점잖은환상,male,21
a472,끈질긴인디고,male,39
a473,실용적인코믹,female,37
a474,냉정한미소,female,46
a475,귀여운음악자,female,36
a476,밝은볼거리,female,44
a477,균형잡힌고요함,female,30
a478,열심히하는환상,female,44
a479,용감한인디고,male,32
a480,신비로운고양이,female,44
a481,화려한불꽃,male,24
a482,부지런한해변,male,25
a483,유연한도전,male,37
a484,현실적인전략가,male,46
a485,솔직한아름다움,female,30
a486,우아한항해자,male,19
a487,화려한드라마,female,25
a488,독특한미소,female,45
a489,청결한비밀요원,male,38
a490,영롱한명상가,male,27
a491,엉뚱한미스터리,male,47
a492,냉정한의문의,male,30
a493,기발한자유자재,female,19
a494,부지런한외계인,male,28
a495,촉망받는원더우먼,female,46
a496,차분한성검사,male,48
a497,창의적인열정,male,27
a498,독립적인숲의정령,male,42
a499,화려한원더우먼,female,38
a500,무지한웃음소리,female,22
a501,창의적인해적,female,28
a502,활기찬이야기,male,19
a503,천진난만한달빛,female,26
a504,우아한희망,male,47
a505,화기애애한손끝,female,22
a506,현실적인황금,female,40
a507,담백한고요함,male,22
a508,솔직한스릴러,female,18
a509,차가운자유,male,32
a510,소중한열매,female,45
a511,화려한시선,male,33
a512,열정적인영감,female,19
a513,심플한영감,female,43
a514,평온한미스터리,male,43
a515,우아한사슴,male,40
a516,활기찬이상,male,46
a517,유쾌한해적,male,33
a518,엉뚱한인디고,male,38
a519,천진난만한대지,female,23
a520,차분한대장,female,25
a521,차가운스파이,male,23
a522,차분한별,male,48
a523,열정적인히어로,male,26
a524,도전적인이상,female,43
a525,심플한심연,male,45
a526,건강한바다소년,male,30
a527,화려한숲속,female,22
a528,엉뚱한의문의,female,33
a529,현실적인도전,male,21
a530,감성적인대학생,female,24
a531,밝은영웅,female,23
a532,미소짓는대학생,male,35
a533,성실한고요한,male,37
a534,성실한모험가,male,24
a535,밝은연주가,male,37
a536,우아한미소,male,31
a537,화기애애한스케이트,male,37
a538,도전적인외계인,male,34
a539,밝은무역상,male,19
a540,부지런한마법,male,31
a541,섬세한대지,female,33
a542,차가운음악가,female,42
a543,청결한탐험,female,30
a544,열정적인무한,female,37
a545,우아한의문의,female,48
a546,독립적인열기,female,27
a547,화려한무서운,male,28
a548,우아한천국,male,43
a549,화려한플라워,male,48
a550,독립적인고요함,female,35
a551,평온한희망,female,25
a552,영롱한감시자,male,32
a553,감각적인이야기,female,30
a554,적극적인대학생,male,19
a555,화려한야상곰,female,20
a556,촉망받는스케이트,male,25
a557,독립적인심연,female,33
a558,적극적인숲속,male,38
a559,독특한드라마,male,31
a560,건강한히어로,female,37
a561,신비로운명상가,female,21
a562,열심히하는감시자,male,18
a563,무지한악마,female,37
a564,적극적인마법의숲,male,42
a565,점잖은마법,female,20
a566,환상적인열기,female,39
a567,도전적인여행자,female,22
a568,포근한별,male,22
a569,유쾌한볼거리,female,35
a570,담백한천국,male,29
a571,고요한꿈,female,44
a572,신나는현실,male,27
a573,용감한스토리,male,34
a574,생생한코믹,female,41
a575,엉뚱한전사,male,19
a576,소중한의문의,female,45
a577,기발한모험,female,40
a578,부드러운심연,female,18
a579,황홀한히어로,female,20
a580,포근한전사,female,26
a581,활기찬탐험가,female,31
a582,고요한항해자,female,20
a583,귀여운천국,female,21
a584,기발한항해자,female,30
a585,다정한전략가,male,44
a586,열렬한스케이트,female,20
a587,기발한미로,male,33
a588,귀여운명상가,female,35
a589,성실한세계,female,23
a590,냉정한새벽,male,47
a591,천진난만한의문의,male,28
a592,환상적인독립,male,19
a593,심플한마법의숲,female,48
a594,황홀한우주선,female,31
a595,낭만적인세계,female,44
a596,부지런한꿈,male,30
a597,소란스러운감시자,female,44
a598,유연한음악,female,47
a599,평온한우주선,male,41
a600,용감한미로,female,44
a601,차가운야상곰,female,30
a602,밝은항해자,male,30
a603,부지런한여행,male,25
a604,귀중한원더우먼,female,47
a605,화려한자유,female,45
a606,기발한로맨틱,male,31
a607,미소짓는웃음소리,female,25
a608,신선한시간여행,male,28
a609,냉정한성검사,female,24
a610,무지한도전,female,37
a611,부지런한거북이,female,45
a612,창의적인달빛,female,29
a613,귀여운드래곤,male,20
a614,냉정한세계,female,19
a615,섬세한대학생,female,28
a616,예쁜대지,male,33
a617,활발한마법의숲,male,29
a618,용감한음악,female,45
a619,신나는마법,female,43
a620,열심히하는음악가,female,27
a621,귀여운원더우먼,male,46
a622,자유로운무한,female,28
a623,신비로운스파이,male,47
a624,차분한거북이,male,20
a625,섬세한불꽃,female,45
a626,활기찬달빛,female,47
a627,풍부한볼거리,male,29
a628,부지런한음악,male,20
a629,활기찬영감,female,40
a630,신나는코믹,female,24
a631,풍부한무역상,female,46
a632,엉뚱한웃음소리,male,28
a633,유연한전략가,female,43
a634,신선한미로,male,45
a635,평온한미소,male,43
a636,창의적인세계,female,39
a637,열심히하는새벽,male,46
a638,화려한바다소년,female,36
a639,화려한인디고,female,36
a640,점잖은영감,male,46
a641,기발한드라마,male,29
a642,평온한천국,female,40
a643,활기찬풍경,male,46
a644,포근한새벽,female,20
a645,고요한열정,male,48
a646,열렬한탐험,female,20
a647,유연한스릴러,female,32
a648,포근한해적,male,40
a649,영롱한밤하늘,male,44
a650,낭만적인마법,female,24
a651,활기찬역사,male,47
a652,도전적인열기,male,33
a653,열렬한아름다움,male,19
a654,우아한이야기,female,33
a655,엉뚱한미로,male,39
a656,정직한마법,male,48
a657,미소짓는스릴러,male,28
a658,엉뚱한마법,male,34
a659,활기찬아름다움,female,18
a660,낭만적인고요함,female,47
a661,놀라운환상,female,36
a662,성실한악마,female,46
a663,감각적인독립,male,20
a664,독특한연주가,male,37
a665,엉뚱한열매,female,40
a666,차가운코믹,male,37
a667,용감한별,female,28
a668,용감한무한,male,42
a669,엉뚱한아티스트,female,29
a670,실용적인악마,female,21
a671,도전적인풍경,female,19
a672,건강한역사,female,43
a673,정직한손끝,male,47
a674,유쾌한심연,female,31
a675,정직한무역상,male,40
a676,소중한금화,female,24
a677,감성적인시선,female,22
a678,유연한볼거리,male,32
a679,끈질긴해변,female,23
a680,영롱한영감,male,25
a681,차가운고요함,female,27
a682,밝은음악애호가,female,23
a683,독립적인로맨틱,male,42
a684,우아한무역상,female,37
a685,천진난만한고요한,male,40
a686,열정적인스케이트,female,33
a687,화려한새벽,female,22
a688,실용적인탐험가,female,38
a689,감각적인자유,male,31
a690,자유로운금화,male,30
a691,부드러운영웅,male,38
a692,자유로운대장,male,38
a693,특별한미소,female,48
a694,현실적인플라워,male,26
a695,적극적인음악가,male,36
a696,차가운전사,female,22
a697,고요한여왕,male,23
a698,촉망받는히어로,male,30
a699,정직한무한,female,38
a700,생생한우주선,male,25
a701,포근한이상,female,37
a702,유쾌한탐험가,male,27
a703,우아한코믹,female,47
a704,고요한여행자,female,31
a705,귀여운음악애호가,male,27
a706,화려한성검사,female,35
a707,점잖은탐험가,male,32
a708,끈질긴도전,male,37
a709,엉뚱한여왕,female,35
a710,유쾌한판타지,male,24
a711,열정적인야상곰,male,48
a712,생생한비밀요원,female,33
a713,적극적인바다소년,female,47
a714,도전적인바다소년,male,31
a715,청결한드라마,male,39
a716,건강한해적,male,27
a717,평온한드라마,female,25
a718,끈질긴초록나무,male,25
a719,포근한현실,female,31
a720,활기찬고요한,female,37
a721,특별한스토리,male,46
a722,화려한현실,female,48
a723,심플한거북이,male,36
a724,차가운풍경,female,34
a725,차분한자유,male,39
a726,감각적인이상,male,39
a727,심플한대지,female,18
a728,열렬한이야기,male,26
a729,기발한새벽,male,20
a730,유쾌한바다소년,male,29
a731,천진난만한시간여행,male,21
a732,부드러운웃음소리,female,39
a733,신비로운히어로,female,36
a734,실용적인전략가,female,28
a735,엉뚱한숲의정령,male,35
a736,고요한밤하늘,male,46
a737,끈질긴사슴,female,22
a738,점잖은미로,male,31
a739,신비로운의문의,female,34
a740,열정적인심연,male,32
a741,고요한미소,male,20
a742,우아한고요함,male,38
a743,신비로운불꽃,male,36
a744,귀중한인디고,male,21
a745,화려한볼거리,male,33
a746,섬세한우주선,male,23
a747,신비로운아름다움,male,22
a748,감성적인이상,male,18
a749,화려한열기,female,36
a750,섬세한비행사,male,30
a751,화려한밤하늘,female,38
a752,자유로운열기,male,35
a753,냉정한고양이,male,18
a754,풍부한웃음소리,female,43
a755,고요한비밀요원,female,18
a756,환상적인해변,female,33
a757,열심히하는대장,female,23
a758,귀중한달빛,female,19
a759,귀중한무서운,female,25
a760,현실적인음악,female,44
a761,고요한고양이,female,28
a762,촉망받는도전,female,25
a763,다정한모험,female,34
a764,성공한여행자,female,36
a765,열렬한숲속,female,33
a766,우아한바다소년,male,25
a767,기발한히어로,male,30
a768,우아한탐험가,male,25
a769,독립적인황금,female,18
a770,화려한여왕,female,19
a771,차가운웃음소리,male,43
a772,솔직한음악자,male,22
a773,특별한유령,male,22
a774,용감한천국,male,20
a775,솔직한영감,female,24
a776,낭만적인마법사,male,35
a777,천진난만한모험,male,43
a778,차가운고요한,male,46
a779,차가운음악자,male,28
a780,적극적인자유,female,37
a781,균형잡힌스파이,female,48
a782,담백한바다소년,male,44
a783,차분한비행사,female,20
a784,예쁜자유자재,female,40
a785,열정적인스릴러,male,20
a786,특별한이상,female,19
a787,놀라운전사,female,36
a788,우아한유령,male,46
a789,낭만적인도전,female,24
a790,촉망받는환상,female,27
a791,풍부한고요함,female,19
a792,부드러운숲속,female,27
a793,포근한유령,male,32
a794,황홀한숲속,female,32
a795,부드러운사슴,male,45
a796,차가운환상,male,29
a797,특별한숲속,male,26
a798,독립적인스파이,female,22
a799,담백한역사,female,19
a800,감각적인세계,female,40
a801,신선한대학생,female,28
a802,청결한항해자,female,41
a803,고요한아티스트,female,23
a804,우아한스케이트,male,43
a805,화려한의문의,female,21
a806,균형잡힌대장,female,45
a807,적극적인대지,female,18
a808,차분한드라마,male,22
a809,귀여운우주선,male,43
a810,다정한숲의정령,male,30
a811,독특한악마,female,30
a812,생생한역사,male,48
a813,솔직한심연,female,39
a814,화려한도전,male,39
a815,예쁜풍경,male,36
a816,예쁜무서운,female,30
a817,유쾌한음악애호가,male,47
a818,신비로운원더우먼,female,27
a819,점잖은열정,male,30
a820,우아한별,female,28
a821,독립적인우주선,female,41
a822,고요한스릴러,male,40
a823,정직한미로,male,45
a824,현실적인유령,female,32
a825,감성적인감시자,female,38
a826,부드러운바다소년,male,38
a827,귀중한비밀요원,male,37
a828,우아한대지,female,29
a829,감성적인미스터리,female,29
a830,엉뚱한비밀요원,male,37
a831,기발한초록나무,male,20
a832,현실적인무한,male,43
a833,차가운여행,male,22
a834,적극적인코믹,female,18
a835,우아한해적,female,39
a836,화려한음악,male,27
a837,균형잡힌세계,male,24
a838,기발한스릴러,male,44
a839,성공한대장,female,37
a840,귀여운감시자,female,47
a841,예쁜외계인,male,29
a842,포근한미스터리,female,20
a843,포근한숲의정령,female,33
a844,우아한손끝,female,47
a845,신선한전사,male,31
a846,풍부한미로,male,48
a847,심플한의문의,female,37
a848,화려한전략가,female,45
a849,무지한현실,male,24
a850,엉뚱한탐험,female,19
a851,대담한열기,male,18
a852,소란스러운외계인,female,36
a853,예쁜스파이,female,26
a854,예쁜드라마,male,23
a855,황홀한의문의,female,23
a856,기발한풍경,male,36
a857,포근한스파이,female,43
a858,다정한로맨틱,male,39
a859,부지런한고요함,male,45
a860,황홀한미소,male,32
a861,심플한인디고,male,42
a862,신비로운달빛,female,33
a863,우아한판타지,female,36
a864,정직한고요함,male,18
a865,창의적인고양이,male,42
a866,엉뚱한황금,female,46
a867,독특한풍경,female,30
a868,화기애애한우주선,female,18
a869,엉뚱한볼거리,female,20
a870,포근한감시자,male,41
a871,현실적인새벽,female,29
a872,귀여운여왕,female,44
a873,솔직한음악가,male,39
a874,천진난만한사슴,female,29
a875,대담한전사,female,39
a876,우아한비행사,male,31
a877,고요한초록나무,female,45
a878,다정한모험가,male,46
a879,열정적인세계,female,34
a880,냉정한악마,female,47
a881,천진난만한무한,male,40
a882,적극적인세계,male,36
a883,심플한스토리,female,41
a884,엉뚱한이상,female,27
a885,신나는감시자,female,20
a886,낭만적인영감,male,43
a887,신선한아름다움,female,40
a888,환상적인현실,female,44
a889,독립적인히어로,male,39
a890,신선한초록나무,male,21
a891,차분한희망,female,38
a892,생생한자유,male,48
a893,화려한전사,male,44
a894,귀여운고양이,female,19
a895,부드러운원더우먼,female,34
a896,감각적인판타지,male,43
a897,환상적인항해자,female,37
a898,차분한무역상,male,33
a899,신나는열기,female,24
a900,우아한이상,female,32
a901,소중한야상곰,male,26
a902,우아한자유자재,male,27
a903,고요한아름다움,male,46
a904,영롱한열정,male,37
a905,황홀한전략가,female,36
a906,엉뚱한성검사,female,34
a907,솔직한아티스트,male,43
a908,부지런한천국,female,19
a909,청결한성검사,female,26
a910,심플한해변,female,36
a911,솔직한열정,male,26
a912,우아한모험,female,33
a913,실용적인감시자,female,21
a914,끈질긴환상,female,42
a915,밝은거북이,female,33
a916,차가운열정,male,24
a917,놀라운인디고,male,38
a918,귀중한미소,female,40
a919,끈질긴밤하늘,male,41
a920,포근한우주선,male,33
a921,부드러운아티스트,female,41
a922,신선한비행사,male,31
a923,자유로운음악,male,18
a924,청결한환상,female,25
a925,자유로운영감,female,38
a926,천진난만한판타지,female,36
a927,생생한환상,female,44
a928,정직한시간여행,female,31
a929,현실적인판타지,female,32
a930,우아한성검사,male,21
a931,균형잡힌대학생,female,18
a932,놀라운음악자,female,42
a933,열정적인마법사,male,45
a934,풍부한마법사,male,21
a935,환상적인도전,female,23
a936,신선한미소,female,36
a937,끈질긴여왕,male,39
a938,귀중한마법의숲,male,46
a939,현실적인마법사,male,22
a940,적극적인독립,male,38
a941,끈질긴황금,male,31
a942,유쾌한로맨틱,female,46
a943,천진난만한스릴러,female,44
a944,천진난만한플라워,female,43
a945,신나는황금,male,37
a946,기발한미소,male,23
a947,활기찬코믹,female,23
a948,냉정한희망,male,35
a949,현실적인히어로,male,39
a950,놀라운무서운,male,41
a951,도전적인음악자,male,23
a952,차가운이상,male,46
a953,다정한무역상,male,48
a954,차분한연주가,female,39
a955,실용적인모험가,female,24
a956,우아한아티스트,female,43
a957,솔직한여행,female,46
a958,놀라운손끝,male,24
a959,화려한음악자,female,44
a960,부드러운우주선,female,36
a961,열정적인금화,male,35
a962,건강한스릴러,female,38
a963,실용적인열매,male,40
a964,신비로운무서운,female,43
a965,활발한해변,male,41
a966,귀중한해적,male,35
a967,우아한풍경,female,22
a968,유쾌한미소,male,39
a969,차가운악마,male,32
a970,열심히하는아름다움,male,43
a971,낭만적인시선,male,39
a972,화려한이상,female,18
a973,환상적인스릴러,female,29
a974,열정적인시선,female,26
a975,차분한여행,male,28
a976,기발한여왕,male,35
a977,감각적인새벽,male,24
a978,점잖은인디고,female,19
a979,점잖은열매,female,33
a980,도전적인플라워,male,26
a981,천진난만한희망,female,47
a982,열정적인여행,male,28
a983,부지런한자유자재,male,29
a984,실용적인성검사,female,27
a985,차가운유령,male,40
a986,환상적인이상,male,26
a987,무지한마법의숲,female,43
a988,담백한무역상,female,31
a989,심플한성검사,male,28
a990,실용적인스토리,male,37
a991,소중한전사,female,27
a992,우아한열기,female,36
a993,기발한달빛,male,30
a994,유연한야상곰,female,42
a995,부지런한음악자,female,42
a996,부지런한사슴,female,28
a997,유연한고요한,male,40
a998,영롱한여행,female,40
a999,고요한연주가,female,45
a1000,끈질긴달빛,female,27
a1001,감성적인마법의숲,male,46
a1002,기발한음악자,female,39
a1003,독립적인고양이,male,18
a1004,예쁜마법,male,26
a1005,화려한풍경,male,33
a1006,화기애애한스릴러,female,33
a1007,풍부한별,male,23
a1008,활기찬비밀요원,male,45
a1009,성공한음악자,female,28
a1010,청결한히어로,female,23
a1011,다정한웃음소리,female,20
a1012,엉뚱한무서운,male,19
a1013,천진난만한바다소년,female,18
a1014,대담한숲의정령,male,42
a1015,천진난만한미소,female,22
a1016,우아한영감,male,26
a1017,부드러운탐험가,female,42
a1018,점잖은대지,male,46
a1019,솔직한이야기,female,45
a1020,도전적인열매,male,40
a1021,심플한무역상,male,32
a1022,귀여운별,male,35
a1023,냉정한풍경,male,39
a1024,독특한탐험,male,35
a1025,천진난만한드래곤,female,25
a1026,고요한시간여행,male,41
a1027,우아한시간여행,female,24
a1028,밝은고양이,female,31
a1029,활기찬미소,female,27
a1030,밝은해변,female,29
a1031,밝은사슴,male,23
a1032,무지한감시자,female,41
a1033,감성적인풍경,male,28
a1034,귀중한자유,male,28
a1035,유쾌한연주가,male,38
a1036,낭만적인연주가,female,29
a1037,화려한코믹,male,44
a1038,활발한드래곤,male,32
a1039,화려한사슴,male,32
a1040,풍부한영감,male,35
a1041,부드러운대학생,male,48
a1042,열정적인성검사,male,42
a1043,차가운무역상,male,44
a1044,감각적인의문의,male,26
a1045,엉뚱한시선,male,39
a1046,고요한마법의숲,female,47
a1047,신비로운이야기,male,46
a1048,실용적인로맨틱,female,39
a1049,평온한환상,female,21
a1050,영롱한대지,female,26
a1051,우아한탐험,male,28
a1052,풍부한풍경,female,38
a1053,심플한달빛,male,38
a1054,평온한탐험가,female,19
a1055,미소짓는드래곤,male,18
a1056,도전적인성검사,female,40
a1057,차가운우주선,male,36
a1058,신선한도전,female,34
a1059,유연한열매,male,29
a1060,건강한이야기,male,31
a1061,대담한자유,female,36
a1062,활발한대학생,male,31
a1063,특별한천국,male,33
a1064,감성적인모험가,male,19
a1065,신비로운플라워,male,32
a1066,생생한달빛,female,34
a1067,부지런한영웅,male,29
a1068,대담한원더우먼,male,27
a1069,독립적인무서운,female,29
a1070,감각적인음악,male,30
a1071,섬세한마법,female,30
a1072,소중한이야기,female,34
a1073,귀중한우주선,male,27
a1074,황홀한자유,female,27
a1075,우아한초록나무,male,41
a1076,환상적인대장,male,27
a1077,유연한역사,female,42
a1078,실용적인마법의숲,female,24
a1079,영롱한희망,male,48
a1080,활발한마법,male,21
a1081,용감한영웅,male,29
a1082,담백한우주선,female,47
a1083,화려한연주가,male,40
a1084,정직한마법의숲,male,42
a1085,천진난만한아름다움,male,28
a1086,도전적인비행사,male,38
a1087,우아한외계인,female,31
a1088,예쁜여왕,female,31
a1089,성실한여행,male,43
a1090,무지한자유,female,39
a1091,끈질긴풍경,female,27
a1092,차가운미로,male,37
a1093,심플한불꽃,male,47
a1094,귀중한숲의정령,female,34
a1095,신나는모험가,female,28
a1096,차분한유령,male,32
a1097,냉정한음악,female,20
a1098,황홀한별,male,30
a1099,활기찬음악자,male,30
a1100,차가운사슴,male,48
a1101,냉정한이야기,female,23
a1102,독특한숲속,female,43
a1103,신비로운이상,female,42
a1104,고요한미로,female,35
a1105,성실한초록나무,male,45
a1106,차분한드래곤,female,34
a1107,밝은비밀요원,male,48
a1108,감성적인탐험,female,18
a1109,신비로운전사,male,42
a1110,청결한해적,female,35
a1111,창의적인시간여행,female,22
a1112,독특한영감,female,25
a1113,차분한전사,female,43
a1114,차가운세계,male,35
a1115,미소짓는미로,female,30
a1116,포근한코믹,male,38
a1117,활기찬우주선,male,30
a1118,균형잡힌숲속,female,34
a1119,미소짓는달빛,female,19
a1120,소란스러운열기,male,21
a1121,부드러운미스터리,male,25
a1122,예쁜심연,male,42
a1123,창의적인탐험,male,23
a1124,차가운플라워,female,30
a1125,청결한열정,female,44
a1126,활기찬전사,male,18
a1127,유쾌한명상가,male,36
a1128,활발한손끝,male,43
a1129,끈질긴항해자,male,42
a1130,활기찬전략가,female,35
a1131,화려한대장,female,30
a1132,균형잡힌악마,female,26
a1133,미소짓는천국,female,21
a1134,열렬한별,male,43
a1135,화려한무역상,male,20
a1136,영롱한이야기,female,32
a1137,영롱한해변,female,35
a1138,우아한환상,male,24
a1139,우아한새벽,male,43
a1140,섬세한연주가,female,48
a1141,독특한열매,male,47
a1142,감각적인비밀요원,female,32
a1143,소란스러운여왕,female,30
a1144,성실한열매,male,31
a1145,고요한음악자,female,20
a1146,다정한항해자,female,47
a1147,화기애애한열정,female,29
a1148,미소짓는금화,female,29
a1149,차분한불꽃,male,23
a1150,환상적인자유자재,male,44
a1151,우아한여왕,female,40
a1152,환상적인금화,female,37
a1153,끈질긴마법,female,18
a1154,현실적인무역상,male,38
a1155,포근한드래곤,male,48
a1156,엉뚱한명상가,female,26
a1157,차분한웃음소리,male,20
a1158,성실한전사,female,21
a1159,신선한플라워,female,34
a1160,환상적인꿈,female,36
a1161,엉뚱한마법의숲,male,38
a1162,화기애애한드라마,male,46
a1163,고요한천국,female,34
a1164,성공한히어로,female,26
a1165,자유로운열정,female,39
a1166,자유로운유령,female,39
a1167,섬세한항해자,male,18
a1168,신비로운숲속,female,23
a1169,유연한마법사,female,32
a1170,무지한시선,male,40
a1171,독립적인불꽃,female,41
a1172,점잖은불꽃,female,26
a1173,점잖은감시자,female,22
a1174,대담한음악가,male,43
a1175,풍부한열기,male,27
a1176,유쾌한해변,male,24
a1177,기발한탐험가,female,31
a1178,우아한음악가,male,38
a1179,정직한대장,male,20
a1180,소중한초록나무,female,34
a1181,귀여운미소,male,37
a1182,성공한미소,female,20
a1183,담백한영웅,male,23
a1184,특별한열정,male,41
a1185,도전적인무서운,female,45
a1186,고요한비행사,female,34
a1187,귀중한대학생,male,42
a1188,귀여운아티스트,female,44
a1189,무지한볼거리,male,46
a1190,적극적인볼거리,male,41
a1191,실용적인초록나무,female,46
a1192,심플한자유자재,male,18
a1193,건강한영웅,male,47
a1194,섬세한여행,male,37
a1195,미소짓는불꽃,male,42
a1196,열심히하는바다소년,female,21
a1197,섬세한숲속,male,45
a1198,차가운명상가,male,24
a1199,신비로운심연,female,34
a1200,성실한아티스트,male,41
a1201,끈질긴해적,female,31
a1202,엉뚱한로맨틱,female,39
a1203,화려한꿈,male,35
a1204,현실적인음악가,male,42
a1205,용감한유령,male,20
a1206,고요한마법사,female,24
a1207,신나는세계,male,44
a1208,현실적인외계인,male,43
a1209,포근한시선,female,48
a1210,소란스러운숲의정령,female,28
a1211,균형잡힌미스터리,male,19
a1212,촉망받는고요함,male,40
a1213,엉뚱한사슴,male,44
a1214,감성적인숲속,female,23
a1215,적극적인현실,female,22
a1216,환상적인시간여행,male,19
a1217,대담한전략가,female,29
a1218,점잖은영웅,male,36
a1219,차가운원더우먼,female,48
a1220,정직한이상,male,40
a1221,감각적인드라마,male,18
a1222,놀라운밤하늘,male,19
a1223,유연한희망,female,44
a1224,심플한연주가,female,25
a1225,열심히하는해적,male,39
a1226,화려한스파이,female,26
a1227,솔직한환상,female,43
a1228,자유로운모험,male,21
a1229,차가운여행자,male,31
a1230,심플한스릴러,female,23
a1231,차분한독립,female,32
a1232,미소짓는음악애호가,male,24
a1233,우아한무한,female,18
a1234,감각적인모험,female,42
a1235,균형잡힌음악,male,19
a1236,섬세한숲의정령,female,46
a1237,천진난만한스파이,male,43
a1238,황홀한음악가,male,29
a1239,감성적인자유,female,32
a1240,엉뚱한음악애호가,female,33
a1241,신비로운코믹,male,46
a1242,독립적인밤하늘,male,21
a1243,촉망받는바다소년,female,41
a1244,예쁜숲의정령,female,31
a1245,기발한드래곤,male,32
a1246,독립적인고요한,male,36
a1247,섬세한아름다움,female,25
a1248,솔직한여행자,male,42
a1249,용감한열기,male,25
a1250,자유로운야상곰,male,36
a1251,성공한무서운,female,35
a1252,솔직한세계,male,38
a1253,촉망받는여행,male,41
a1254,용감한모험가,male,19
a1255,창의적인스토리,male,40
a1256,화려한고요한,male,20
a1257,신비로운무한,female,39
a1258,황홀한열매,female,40
a1259,유쾌한코믹,male,27
a1260,천진난만한아티스트,male,43
a1261,독특한아름다움,female,19
a1262,생생한음악가,male,26
a1263,무지한미소,female,23
a1264,환상적인천국,male,38
a1265,독특한미로,male,19
a1266,점잖은자유자재,female,28
a1267,감성적인무한,female,45
a1268,성공한이야기,male,33
a1269,우아한자유,male,41
a1270,포근한불꽃,female,29
a1271,신선한희망,female,36
a1272,신나는해변,female,38
a1273,무지한모험,female,47
a1274,화기애애한심연,female,19
a1275,특별한마법의숲,female,30
a1276,우아한감시자,male,40
a1277,성공한감시자,male,19
a1278,부드러운마법의숲,female,38
a1279,신나는마법의숲,male,18
a1280,열심히하는야상곰,male,30
a1281,감성적인미로,female,23
a1282,포근한인디고,female,23
a1283,현실적인세계,female,25
a1284,차분한환상,female,33
a1285,차분한밤하늘,male,35
a1286,활기찬대장,female,30
a1287,점잖은달빛,female,36
a1288,차가운스토리,female,47
a1289,독특한음악가,male,23
a1290,풍부한자유자재,male,45
a1291,성실한무역상,male,27
a1292,포근한열매,female,29
a1293,차분한이상,female,31
a1294,우아한황금,male,25
a1295,부드러운열매,male,18
a1296,평온한여왕,male,41
a1297,소란스러운숲속,female,45
a1298,성실한환상,female,45
a1299,고요한미스터리,female,38
a1300,예쁜영감,male,28
a1301,신선한음악자,female,44
a1302,청결한시선,male,40
a1303,열정적인여왕,female,48
a1304,기발한해적,male,21
a1305,기발한바다소년,female,25
a1306,영롱한영웅,female,42
a1307,차분한황금,male,41
a1308,실용적인해적,male,37
a1309,포근한모험가,female,33
a1310,신선한모험,male,41
a1311,화려한감시자,male,44
a1312,소중한도전,male,24
a1313,낭만적인유령,male,36
a1314,특별한환상,female,22
a1315,환상적인새벽,male,24
a1316,대담한아티스트,male,31
a1317,적극적인원더우먼,female,39
a1318,독특한심연,male,19
a1319,열정적인스파이,female,22
a1320,신선한유령,female,21
a1321,화려한드래곤,male,33
a1322,부드러운판타지,male,30
a1323,정직한항해자,male,32
a1324,포근한자유자재,female,36
a1325,청결한해변,male,33
a1326,화려한황금,male,42
a1327,건강한밤하늘,female,43
a1328,영롱한의문의,male,28
a1329,활기찬고양이,male,36
a1330,활기찬금화,male,47
a1331,천진난만한비밀요원,male,28
a1332,적극적인스토리,male,29
a1333,화기애애한미소,female,19
a1334,성공한자유자재,male,41
a1335,자유로운황금,female,37
a1336,자유로운스파이,male,40
a1337,유쾌한탐험,female,40
a1338,독특한로맨틱,female,34
a1339,미소짓는히어로,female,42
a1340,유쾌한영감,female,31
a1341,밝은미소,male,35
a1342,화기애애한히어로,female,31
a1343,용감한플라워,male,33
a1344,섬세한마법의숲,female,27
a1345,자유로운드래곤,female,47
a1346,귀중한의문의,male,37
a1347,귀여운새벽,female,44
a1348,고요한웃음소리,female,46
a1349,섬세한무역상,male,35
a1350,활발한환상,male,38
a1351,신선한명상가,male,29
a1352,열렬한여왕,male,22
a1353,감각적인도전,male,36
a1354,유쾌한달빛,male,20
a1355,소중한판타지,male,27
a1356,귀중한해변,male,19
a1357,우아한볼거리,male,35
a1358,용감한새벽,female,41
a1359,부드러운무서운,female,45
a1360,신선한별,female,20
a1361,다정한미로,male,48
a1362,낭만적인숲의정령,male,29
a1363,대담한연주가,female,41
a1364,독립적인숲속,female,24
a1365,기발한전사,male,32
a1366,솔직한웃음소리,male,30
a1367,평온한판타지,female,22
a1368,정직한초록나무,male,25
a1369,심플한미소,female,38
a1370,화려한우주선,female,37
a1371,촉망받는미스터리,male,36
a1372,심플한전사,female,21
a1373,심플한고양이,male,29
a1374,신비로운금화,female,26
a1375,차분한우주선,female,27
a1376,도전적인희망,female,36
a1377,활기찬세계,male,21
a1378,끈질긴숲속,female,43
a1379,포근한드라마,male,32
a1380,열정적인음악자,male,25
a1381,냉정한여행자,male,26
a1382,솔직한스파이,female,27
a1383,열정적인영웅,female,40
a1384,미소짓는원더우먼,female,47
a1385,도전적인마법,male,41
a1386,적극적인숲의정령,female,28
a1387,환상적인초록나무,male,45
a1388,독립적인희망,female,47
a1389,활기찬악마,female,39
a1390,신선한감시자,female,19
a1391,다정한우주선,male,41
a1392,낭만적인드라마,male,23
a1393,평온한악마,female,23
a1394,포근한음악,female,25
a1395,고요한세계,female,39
a1396,독립적인악마,male,33
a1397,끈질긴마법사,female,31
a1398,건강한전사,female,22
a1399,담백한마법사,female,27
a1400,기발한여행자,male,34
a1401,청결한스파이,male,32
a1402,성공한초록나무,male,45
a1403,놀라운탐험,female,36
a1404,환상적인외계인,female,35
a1405,특별한달빛,female,23
a1406,자유로운연주가,female,23
a1407,실용적인모험,female,25
a1408,끈질긴별,male,18
a1409,촉망받는무한,male,37
a1410,부지런한대장,female,18
a1411,청결한유령,female,26
a1412,고요한드라마,male,20
a1413,소란스러운마법의숲,male,47
a1414,차가운열매,female,35
a1415,담백한스파이,female,19
a1416,생생한풍경,female,42
a1417,열심히하는별,male,39
a1418,고요한음악애호가,male,36
a1419,차분한영웅,male,31
a1420,화려한별,male,29
a1421,소중한자유자재,male,36
a1422,천진난만한성검사,male,30
a1423,화기애애한로맨틱,female,18
a1424,도전적인미스터리,male,30
a1425,풍부한영웅,male,19
a1426,낭만적인시간여행,female,47
a1427,우아한음악,female,40
a1428,미소짓는세계,female,46
a1429,화려한시간여행,male,19
a1430,미소짓는영감,female,47
a1431,냉정한우주선,male,19
a1432,미소짓는이야기,male,35
a1433,영롱한스케이트,female,40
a1434,차분한여행자,female,36
a1435,열심히하는명상가,female,45
a1436,심플한고요한,male,28
a1437,용감한우주선,male,26
a1438,청결한우주선,female,23
a1439,청결한로맨틱,female,31
a1440,차가운대장,female,27
a1441,차가운독립,female,42
a1442,놀라운숲의정령,female,27
a1443,창의적인전사,male,31
a1444,활발한심연,male,47
a1445,평온한꿈,female,48
a1446,감성적인영감,male,33
a1447,청결한손끝,male,29
a1448,담백한항해자,male,41
a1449,열심히하는마법의숲,female,24
a1450,적극적인전사,male,25
a1451,대담한명상가,female,35
a1452,다정한음악자,male,40
a1453,우아한원더우먼,female,19
a1454,정직한모험가,female,41
a1455,신나는열정,male,41
a1456,특별한이야기,female,18
a1457,황홀한연주가,female,47
a1458,점잖은아름다움,female,42
a1459,우아한거북이,female,45
a1460,적극적인탐험가,female,25
a1461,성공한새벽,female,19
a1462,끈질긴성검사,female,47
a1463,우아한열매,female,21
a1464,자유로운아티스트,male,40
a1465,열심히하는탐험,male,25
a1466,예쁜천국,female,40
a1467,심플한여왕,female,26
a1468,포근한달빛,female,41
a1469,고요한악마,female,34
a1470,우아한연주가,female,19
a1471,화려한숲의정령,female,44
a1472,천진난만한비행사,female,48
a1473,활기찬성검사,male,39
a1474,도전적인명상가,male,34
a1475,다정한마법사,male,22
a1476,도전적인음악애호가,female,20
a1477,풍부한자유,female,21
a1478,끈질긴자유자재,male,40
a1479,실용적인전사,female,48
a1480,영롱한미스터리,male,18
a1481,평온한별,female,22
a1482,밝은탐험가,female,18
a1483,성실한이상,female,40
a1484,환상적인명상가,female,35
a1485,귀여운스케이트,male,25
a1486,감성적인달빛,male,20
a1487,열정적인탐험,male,27
a1488,심플한음악애호가,female,40
a1489,신선한거북이,male,27
a1490,엉뚱한스토리,male,27
a1491,평온한미로,female,20
a1492,신비로운아티스트,female,18
a1493,영롱한모험,male,48
a1494,미소짓는여행자,female,19
a1495,풍부한감시자,male,47
a1496,화려한악마,female,45
a1497,화려한여행자,female,30
a1498,독립적인미소,male,46
a1499,건강한비행사,female,31
a1500,풍부한음악애호가,male,42
a1501,소란스러운스파이,male,31
a1502,솔직한마법,female,19
a1503,화려한비행사,female,46
a1504,독특한유령,male,45
a1505,포근한고요한,male,47
a1506,활발한역사,female,44
a1507,자유로운마법,male,36
a1508,귀중한무한,male,47
a1509,기발한음악가,male,19
a1510,섬세한탐험,female,22
a1511,균형잡힌아티스트,male,39
a1512,점잖은무역상,male,31
a1513,신나는숲의정령,male,24
a1514,환상적인손끝,female,42
a1515,독립적인비밀요원,male,43
a1516,활기찬원더우먼,female,36
a1517,열심히하는무역상,female,44
a1518,성공한야상곰,male,27
a1519,차분한심연,male,34
a1520,화려한유령,female,39
a1521,신선한열기,female,34
a1522,점잖은새벽,female,48
a1523,자유로운마법사,male,21
a1524,활기찬새벽,male,41
a1525,유연한로맨틱,female,18
a1526,냉정한스파이,male,27
a1527,실용적인역사,male,26
a1528,열정적인음악,female,22
a1529,섬세한마법사,female,23
a1530,엉뚱한히어로,female,19
a1531,성실한달빛,female,48
a1532,실용적인미로,female,30
a1533,차가운열기,female,22
a1534,열렬한탐험가,female,39
a1535,화기애애한판타지,male,46
a1536,천진난만한현실,female,32
a1537,낭만적인비행사,female,20
a1538,심플한별,female,33
a1539,특별한탐험가,female,28
a1540,풍부한새벽,male,28
a1541,소중한미소,female,47
a1542,차가운전략가,male,24
a1543,화려한비밀요원,female,40
a1544,풍부한달빛,female,36
a1545,균형잡힌영감,male,25
a1546,포근한영감,male,18
a1547,미소짓는환상,male,47
a1548,낭만적인열정,male,28
a1549,유연한초록나무,male,22
a1550,끈질긴원더우먼,female,34
a1551,황홀한악마,male,34
a1552,신비로운로맨틱,male,47
a1553,대담한코믹,male,21
a1554,기발한우주선,male,45
a1555,독립적인무역상,male,19
a1556,독립적인현실,male,39
a1557,열심히하는밤하늘,female,19
a1558,열렬한모험,female,18
a1559,실용적인손끝,male,21
a1560,낭만적인스케이트,male,38
a1561,독립적인탐험가,female,30
a1562,균형잡힌사슴,female,28
a1563,열렬한마법의숲,male,24
a1564,특별한스릴러,male,32
a1565,소란스러운새벽,male,41
a1566,다정한여왕,female,46
a1567,섬세한거북이,female,45
a1568,밝은마법사,male,39
a1569,촉망받는열기,female,22
a1570,열정적인무서운,female,35
a1571,미소짓는마법의숲,female,34
a1572,특별한명상가,male,37
a1573,건강한대학생,male,34
a1574,부드러운비밀요원,female,44
a1575,도전적인역사,female,40
a1576,화려한역사,male,18
a1577,청결한원더우먼,male,24
a1578,포근한여행,female,37
a1579,청결한비행사,male,24
a1580,차가운초록나무,female,26
a1581,점잖은비행사,female,46
a1582,부지런한볼거리,female,41
a1583,신나는거북이,female,18
a1584,점잖은풍경,male,36
a1585,황홀한드래곤,male,42
a1586,기발한무역상,female,28
a1587,우아한스토리,male,32
a1588,열정적인미스터리,male,33
a1589,점잖은바다소년,female,23
a1590,촉망받는해변,male,40
a1591,부지런한아티스트,female,32
a1592,밝은스토리,male,22
a1593,독특한희망,female,25
a1594,열정적인열정,male,22
a1595,유연한자유자재,female,27
a1596,신나는도전,male,19
a1597,열정적인유령,female,27
a1598,점잖은별,male,32
a1599,화려한미로,female,20
a1600,소중한숲의정령,male,36
a1601,생생한스파이,female,42
a1602,황홀한무서운,male,31
a1603,냉정한황금,female,38
a1604,적극적인희망,male,24
a1605,활기찬대학생,female,26
a1606,심플한탐험,female,37
a1607,환상적인거북이,male,41
a1608,적극적인고요한,female,40
a1609,활기찬무역상,male,35
a1610,화기애애한아티스트,female,27
a1611,영롱한심연,female,31
a1612,유쾌한플라워,female,22
a1613,소중한음악애호가,male,28
a1614,현실적인꿈,male,40
a1615,황홀한대장,male,39
a1616,놀라운불꽃,male,18
a1617,냉정한현실,male,28
a1618,차분한손끝,female,29
a1619,적극적인불꽃,male,45
a1620,청결한별,male,42
a1621,미소짓는아티스트,male,30
a1622,부지런한열매,male,37
a1623,귀여운바다소년,male,25
a1624,신선한여왕,male,46
a1625,용감한여왕,male,37
a1626,낭만적인무서운,male,27
a1627,신비로운영웅,female,44
a1628,청결한자유,female,22
a1629,정직한숲의정령,female,34
a1630,부드러운미소,male,45
a1631,풍부한황금,male,19
a1632,차가운손끝,female,25
a1633,도전적인무역상,female,33
a1634,창의적인손끝,female,37
a1635,자유로운드라마,male,38
a1636,자유로운환상,female,22
a1637,창의적인우주선,female,27
a1638,영롱한유령,female,31
a1639,예쁜항해자,female,30
a1640,심플한감시자,male,40
a1641,우아한우주선,female,46
a1642,균형잡힌히어로,male,46
a1643,고요한탐험,male,26
a1644,고요한우주선,male,23
a1645,화려한고요함,male,36
a1646,성공한자유,female,35
a1647,소중한시간여행,female,39
a1648,적극적인드라마,female,31
a1649,환상적인웃음소리,male,24
a1650,화기애애한음악애호가,female,21
a1651,차분한열매,male,23
a1652,신비로운웃음소리,female,43
a1653,건강한세계,female,32
a1654,차가운자유자재,male,24
a1655,활기찬미스터리,male,20
a1656,실용적인야상곰,male,29
a1657,성실한마법,male,39
a1658,고요한새벽,male,36
a1659,성공한연주가,male,43
a1660,성공한드라마,female,24
a1661,도전적인거북이,female,48
a1662,놀라운마법사,male,47
a1663,열정적인로맨틱,male,22
a1664,부지런한여행자,male,32
a1665,냉정한고요함,female,33
a1666,창의적인무한,male,46
a1667,열정적인고요한,male,40
a1668,고요한고요한,female,30
a1669,정직한성검사,female,44
a1670,귀중한스파이,female,29
a1671,유연한세계,male,22
a1672,감성적인스토리,female,36
a1673,촉망받는마법의숲,female,32
a1674,소란스러운금화,female,26
a1675,영롱한성검사,female,48
a1676,기발한판타지,male,27
a1677,감성적인여왕,male,41
a1678,실용적인의문의,male,36
a1679,천진난만한야상곰,male,44
a1680,정직한드라마,female,25
a1681,건강한무서운,female,21
a1682,부드러운야상곰,male,46
a1683,창의적인밤하늘,male,27
a1684,무지한해변,male,28
a1685,건강한해변,female,30
a1686,독립적인성검사,male,40
a1687,자유로운인디고,female,46
a1688,화려한해변,female,44
a1689,기발한의문의,male,25
a1690,화기애애한숲의정령,male,23
a1691,성실한별,female,34
a1692,차분한아름다움,male,20
a1693,적극적인고양이,female,41
a1694,열렬한금화,female,30
a1695,천진난만한대학생,male,40
a1696,기발한여행,male,35
a1697,담백한숲속,male,27
a1698,귀중한드래곤,female,45
a1699,황홀한바다소년,male,46
a1700,유쾌한웃음소리,male,23
a1701,화기애애한아름다움,female,40
a1702,심플한시간여행,female,23
a1703,실용적인항해자,male,25
a1704,화려한영웅,female,38
a1705,균형잡힌모험,male,22
a1706,예쁜마법의숲,male,31
a1707,미소짓는연주가,female,45
a1708,유연한금화,female,38
a1709,평온한자유,female,21
a1710,신나는영감,female,33
a1711,평온한감시자,male,41
a1712,대담한미스터리,male,21
a1713,용감한대장,male,25
a1714,신나는악마,male,48
a1715,심플한여행자,female,25
a1716,포근한음악애호가,male,39
a1717,심플한현실,female,47
a1718,기발한아티스트,male,37
a1719,미소짓는야상곰,female,43
a1720,화려한미소,female,37
a1721,유연한여행자,male,27
a1722,영롱한손끝,male,40
a1723,황홀한숲의정령,male,36
a1724,냉정한스케이트,male,32
a1725,섬세한성검사,female,20
a1726,열정적인황금,male,28
a1727,소란스러운현실,male,41
a1728,무지한전략가,female,42
a1729,밝은숲속,female,35
a1730,용감한환상,female,45
a1731,유쾌한우주선,male,41
a1732,심플한명상가,male,38
a1733,섬세한역사,female,42
a1734,심플한숲의정령,male,42
a1735,독립적인영웅,female,40
a1736,밝은영감,female,34
a1737,놀라운대지,female,24
a1738,풍부한고양이,female,39
a1739,대담한여행자,female,35
a1740,밝은로맨틱,female,41
a1741,환상적인무역상,male,26
a1742,평온한스파이,female,45
a1743,포근한전략가,male,34
a1744,균형잡힌황금,female,20
a1745,무지한황금,male,38
a1746,창의적인미로,female,31
a1747,영롱한초록나무,male,26
a1748,화려한아티스트,female,38
a1749,용감한스파이,male,45
a1750,우아한전사,male,26
a1751,천진난만한열정,male,30
a1752,자유로운로맨틱,female,37
a1753,귀중한자유자재,male,32
a1754,귀중한코믹,male,31
a1755,청결한여행자,female,38
a1756,다정한이상,female,38
a1757,신선한금화,female,30
a1758,다정한밤하늘,female,36
a1759,포근한무서운,female,20
a1760,귀중한심연,female,25
a1761,환상적인무서운,female,36
a1762,독특한항해자,male,48
a1763,부드러운희망,male,22
a1764,고요한무서운,female,23
a1765,활발한금화,female,27
a1766,냉정한마법,female,25
a1767,차가운숲의정령,female,29
a1768,황홀한아티스트,male,37
a1769,엉뚱한미소,male,43
a1770,특별한악마,female,34
a1771,도전적인아티스트,male,43
a1772,예쁜스릴러,male,48
a1773,성실한볼거리,male,19
a1774,열렬한시선,male,39
a1775,열정적인비행사,male,45
a1776,섬세한이상,male,29
a1777,솔직한감시자,female,35
a1778,활기찬거북이,male,27
a1779,실용적인자유자재,male,19
a1780,열렬한손끝,female,29
a1781,도전적인초록나무,female,42
a1782,차분한아티스트,female,21
a1783,포근한히어로,female,40
a1784,특별한외계인,female,35
a1785,부드러운스케이트,female,23
a1786,포근한희망,female,20
a1787,성공한손끝,male,29
a1788,풍부한판타지,male,38
a1789,활기찬드래곤,male,28
a1790,신선한판타지,female,47
a1791,귀여운미스터리,female,19
a1792,건강한감시자,male,45
a1793,포근한스릴러,male,29
a1794,유연한스파이,male,24
a1795,균형잡힌이야기,male,37
a1796,독립적인이야기,male,37
a1797,균형잡힌야상곰,male,27
a1798,화기애애한음악,female,32
a1799,담백한플라워,male,42
a1800,감성적인웃음소리,male,38
a1801,성실한숲속,male,23
a1802,풍부한드라마,female,31
a1803,차분한음악가,male,46
a1804,실용적인대학생,female,44
a1805,독특한음악자,male,25
a1806,신나는야상곰,female,41
a1807,용감한꿈,female,41
a1808,생생한원더우먼,male,21
a1809,귀여운음악가,male,27
a1810,포근한음악자,female,26
a1811,담백한해변,male,48
a1812,우아한인디고,male,32
a1813,차분한새벽,male,36
a1814,담백한볼거리,male,30
a1815,섬세한새벽,female,26
a1816,천진난만한시선,female,27
a1817,소란스러운드라마,female,18
a1818,대담한자유자재,male,41
a1819,차가운천국,female,21
a1820,도전적인마법사,male,41
a1821,예쁜환상,female,22
a1822,고요한스파이,female,33
a1823,화려한초록나무,male,43
a1824,밝은손끝,male,30
a1825,평온한음악,female,40
a1826,고요한시선,male,40
a1827,생생한마법,male,29
a1828,평온한음악애호가,female,25
a1829,화려한스토리,male,31
a1830,미소짓는해적,male,30
a1831,청결한풍경,female,32
a1832,예쁜별,male,44
a1833,미소짓는고요함,male,46
a1834,섬세한사슴,male,46
a1835,솔직한무역상,female,26
a1836,영롱한로맨틱,male,29
a1837,엉뚱한연주가,female,43
a1838,무지한독립,male,41
a1839,열정적인전사,male,33
a1840,생생한미소,female,48
a1841,현실적인음악자,male,42
a1842,대담한영감,female,34
a1843,귀여운무역상,female,37
a1844,열심히하는무한,male,41
a1845,섬세한풍경,male,22
a1846,점잖은음악애호가,female,32
a1847,특별한미스터리,female,31
a1848,도전적인야상곰,female,45
a1849,신비로운황금,male,25
a1850,포근한로맨틱,male,18
a1851,소란스러운꿈,female,47
a1852,귀여운자유자재,male,32
a1853,성공한코믹,female,33
a1854,신비로운밤하늘,male,19
a1855,예쁜비밀요원,female,28
a1856,냉정한판타지,male,28
a1857,실용적인금화,female,39
a1858,활발한야상곰,female,45
a1859,천진난만한심연,female,18
a1860,활발한음악가,male,44
a1861,낭만적인전략가,female,45
a1862,점잖은천국,male,40
a1863,열심히하는현실,female,27
a1864,귀여운희망,female,40
a1865,엉뚱한손끝,male,25
a1866,부지런한영감,female,19
a1867,활기찬의문의,male,33
a1868,도전적인웃음소리,female,23
a1869,청결한마법,female,30
a1870,끈질긴고양이,female,21
a1871,균형잡힌의문의,male,23
a1872,열렬한야상곰,female,18
a1873,성공한모험,male,47
a1874,천진난만한드라마,female,48
a1875,독특한의문의,female,46
a1876,열렬한무역상,male,26
a1877,활기찬사슴,female,30
a1878,신선한외계인,female,34
a1879,특별한거북이,female,26
a1880,균형잡힌별,female,40
a1881,감성적인성검사,female,31
a1882,창의적인웃음소리,male,46
a1883,포근한금화,female,18
a1884,기발한밤하늘,male,36
a1885,적극적인도전,male,40
a1886,다정한달빛,male,42
a1887,풍부한탐험,female,40
a1888,현실적인열매,female,31
a1889,감각적인음악가,female,35
a1890,끈질긴영감,male,29
a1891,포근한거북이,female,37
a1892,성공한웃음소리,male,44
a1893,활기찬도전,female,35
a1894,기발한세계,male,42
a1895,감성적인음악자,female,31
a1896,화려한희망,male,42
a1897,화려한마법,female,30
a1898,유쾌한미스터리,female,29
a1899,성실한판타지,female,37
a1900,환상적인열정,female,41
a1901,미소짓는미소,male,31
a1902,고요한히어로,female,41
a1903,차가운마법의숲,male,45
a1904,성실한현실,female,28
a1905,화려한스릴러,female,26
a1906,유쾌한원더우먼,male,18
a1907,화려한음악가,male,23
a1908,도전적인판타지,male,20
a1909,점잖은음악,male,27
a1910,활기찬감시자,female,31
a1911,천진난만한숲의정령,female,35
a1912,귀중한천국,female,45
a1913,신비로운열정,male,32
a1914,현실적인풍경,male,30
a1915,유쾌한열기,male,36
a1916,열심히하는스파이,male,23
a1917,고요한영감,male,48
a1918,신선한심연,male,22
a1919,청결한스케이트,male,40
a1920,우아한고요한,female,46
a1921,영롱한무한,female,34
a1922,끈질긴비밀요원,male,27
a1923,독특한별,male,30
a1924,끈질긴판타지,female,28
a1925,독립적인자유,male,40
a1926,신선한무역상,male,33
a1927,특별한풍경,male,39
a1928,다정한무한,male,29
a1929,감각적인원더우먼,female,33
a1930,촉망받는영감,female,25
a1931,점잖은자유,female,29
a1932,귀여운도전,male,19
a1933,성공한아티스트,female,22
a1934,열렬한대장,female,40
a1935,소란스러운황금,male,27
a1936,감성적인볼거리,female,39
a1937,유연한독립,male,27
a1938,감성적인열정,female,28
a1939,고요한황금,female,46
a1940,차가운여왕,male,44
a1941,창의적인풍경,male,46
a1942,환상적인인디고,male,48
a1943,놀라운고요함,male,23
a1944,특별한해적,female,46
a1945,균형잡힌미소,female,22
a1946,용감한영감,male,28
a1947,엉뚱한비행사,male,27
a1948,촉망받는항해자,male,45
a1949,포근한외계인,male,24
a1950,다정한거북이,male,33
a1951,신나는자유자재,female,20
a1952,정직한세계,female,18
a1953,신비로운스릴러,male,34
a1954,창의적인사슴,male,33
a1955,균형잡힌미로,male,36
a1956,건강한스토리,male,20
a1957,활발한고요함,female,22
a1958,열심히하는미로,male,27
a1959,황홀한고요함,female,46
a1960,생생한전사,female,23
a1961,황홀한드라마,female,38
a1962,대담한외계인,female,27
a1963,청결한판타지,male,45
a1964,성공한탐험,male,33
a1965,생생한스케이트,male,34
a1966,자유로운히어로,male,45
a1967,화기애애한마법사,male,24
a1968,활기찬외계인,male,25
a1969,활발한미소,male,19
a1970,신비로운마법,male,35
a1971,소중한유령,male,46
a1972,활발한마법사,male,37
a1973,끈질긴음악자,female,48
a1974,기발한고양이,male,30
a1975,건강한음악,female,38
a1976,담백한대장,male,38
a1977,무지한시간여행,male,38
a1978,현실적인여행자,female,38
a1979,화기애애한현실,male,43
a1980,미소짓는이상,male,32
a1981,화려한대학생,male,27
a1982,적극적인아티스트,female,18
a1983,고요한희망,female,23
a1984,촉망받는불꽃,male,25
a1985,현실적인환상,male,25
a1986,우아한로맨틱,male,28
a1987,부지런한무한,female,46
a1988,정직한드래곤,female,35
a1989,엉뚱한탐험가,female,19
a1990,건강한모험가,female,38
a1991,귀중한탐험,male,22
a1992,활기찬손끝,male,29
a1993,화려한명상가,male,47
a1994,솔직한희망,male,39
a1995,감각적인밤하늘,female,29
a1996,귀여운대학생,male,28
a1997,적극적인역사,male,45
a1998,환상적인여행,female,39
a1999,유쾌한자유,male,33
a2000,황홀한명상가,male,39
a2001,끈질긴스파이,male,30
a2002,열심히하는항해자,male,36
a2003,용감한원더우먼,female,33
a2004,낭만적인로맨틱,female,36
a2005,독립적인탐험,male,45
a2006,생생한음악애호가,female,31
a2007,특별한시간여행,male,30
a2008,예쁜스토리,female,24
a2009,열심히하는미소,male,34
a2010,활기찬볼거리,male,35
a2011,엉뚱한거북이,female,26
a2012,무지한명상가,female,46
a2013,활기찬스릴러,female,24
a2014,소중한마법사,female,19
a2015,열정적인아름다움,female,35
a2016,열심히하는희망,male,45
a2017,열심히하는우주선,male,40
a2018,부지런한플라워,male,45
a2019,대담한볼거리,male,44
a2020,평온한스토리,male,27
a2021,활기찬음악가,female,25
a2022,솔직한해적,male,28
a2023,우아한비밀요원,female,43
a2024,부지런한유령,male,35
a2025,화기애애한이야기,male,35
a2026,차가운불꽃,female,39
a2027,유연한달빛,male,30
a2028,신선한원더우먼,female,44
a2029,부드러운금화,female,30
a2030,감각적인아름다움,male,27
a2031,귀여운영감,male,46
a2032,고요한불꽃,male,20
a2033,부드러운새벽,male,31
a2034,밝은희망,female,30
a2035,영롱한거북이,female,46
a2036,솔직한유령,male,35
a2037,유쾌한비행사,male,24
a2038,심플한황금,male,35
a2039,심플한고요함,female,34
a2040,차분한스케이트,female,18
a2041,밝은무한,female,38
a2042,황홀한황금,male,26
a2043,자유로운시선,male,39
a2044,예쁜비행사,male,28
a2045,유쾌한열매,male,48
a2046,자유로운전사,male,35
a2047,평온한마법의숲,male,27
a2048,심플한금화,female,44
a2049,열정적인마법,female,43
a2050,신나는외계인,male,30
a2051,적극적인여행,male,41
a2052,화기애애한영웅,male,40
a2053,다정한열기,female,45
a2054,건강한마법사,male,47
a2055,독립적인역사,male,32
a2056,유쾌한고요함,female,36
a2057,담백한유령,male,35
a2058,도전적인영감,female,19
a2059,활발한천국,male,43
a2060,도전적인유령,female,29
a2061,차가운영웅,female,38
a2062,환상적인드래곤,male,19
a2063,신나는독립,male,27
a2064,부지런한코믹,female,36
a2065,부지런한바다소년,female,20
a2066,황홀한초록나무,female,30
a2067,독특한스케이트,female,19
a2068,현실적인대지,female,47
a2069,유쾌한감시자,female,39
a2070,황홀한외계인,male,27
a2071,풍부한천국,male,42
a2072,천진난만한고양이,female,21
a2073,유쾌한모험가,female,41
a2074,심플한음악자,male,19
a2075,대담한대지,male,33
a2076,도전적인시선,female,22
a2077,열심히하는역사,male,25
a2078,엉뚱한꿈,male,20
a2079,자유로운비행사,male,38
a2080,부지런한원더우먼,male,21
a2081,자유로운고요함,female,29
a2082,엉뚱한자유자재,male,27
a2083,건강한환상,male,30
a2084,다정한성검사,female,39
a2085,솔직한밤하늘,male,47
a2086,우아한음악애호가,male,44
a2087,차가운모험,male,42
a2088,예쁜볼거리,male,40
a2089,점잖은스토리,male,25
a2090,미소짓는로맨틱,male,27
a2091,독특한해변,female,34
a2092,담백한영감,female,41
a2093,천진난만한해적,male,34
a2094,열심히하는숲속,male,30
a2095,귀중한풍경,female,32
a2096,무지한무역상,male,39
a2097,냉정한스릴러,male,48
a2098,유쾌한외계인,female,31
a2099,대담한숲속,female,28
a2100,점잖은전사,female,37
a2101,담백한이상,male,25
a2102,기발한꿈,male,47
a2103,실용적인여행,female,34
a2104,유쾌한꿈,female,24
a2105,끈질긴시선,male,35
a2106,유연한마법,male,35
a2107,차분한플라워,female,46
a2108,미소짓는전사,male,41
a2109,천진난만한무서운,male,24
a2110,도전적인비밀요원,female,18
a2111,평온한열정,female,39
a2112,소란스러운열정,female,21
a2113,성공한음악,female,43
a2114,열정적인밤하늘,male,48
a2115,독립적인판타지,female,26
a2116,독특한웃음소리,male,48
a2117,밝은전사,male,39
a2118,열심히하는열정,female,19
a2119,솔직한외계인,male,34
a2120,엉뚱한감시자,female,36
a2121,창의적인유령,male,33
a2122,정직한음악가,female,40
a2123,유쾌한마법,male,46
a2124,담백한시선,female,28
a2125,활기찬비행사,female,43
a2126,부드러운유령,female,41
a2127,끈질긴대장,male,21
a2128,다정한아티스트,male,42
a2129,놀라운감시자,female,36
a2130,청결한숲의정령,female,27
a2131,열정적인마법의숲,female,29
a2132,독립적인드라마,male,31
a2133,열정적인항해자,female,46
a2134,감성적인악마,female,29
a2135,열심히하는전략가,male,18
a2136,생생한대장,female,43
a2137,활기찬여왕,male,28
a2138,점잖은초록나무,female,18
a2139,화려한독립,male,32
a2140,정직한미스터리,female,26
a2141,성실한탐험가,male,40
a2142,용감한볼거리,female,29
a2143,유연한미로,female,29
a2144,무지한고요한,male,33
a2145,부지런한전사,male,25
a2146,귀중한스케이트,male,33
a2147,섬세한명상가,male,20
a2148,차가운미소,male,36
a2149,감각적인환상,male,29
a2150,예쁜영웅,female,34
a2151,생생한미스터리,female,40
a2152,다정한감시자,female,19
a2153,미소짓는악마,female,34
a2154,신비로운천국,male,46
a2155,특별한여행자,female,28
a2156,현실적인아티스트,male,18
a2157,우아한전략가,female,36
a2158,유쾌한열정,female,45
a2159,심플한마법,male,31
a2160,청결한열기,male,48
a2161,황홀한여행자,female,30
a2162,점잖은마법사,male,34
a2163,풍부한초록나무,female,43
a2164,열정적인달빛,male,40
a2165,자유로운자유자재,male,30
a2166,영롱한천국,male,30
a2167,고요한명상가,female,43
a2168,유쾌한사슴,female,22
a2169,밝은플라워,male,25
a2170,무지한여행,female,46
a2171,영롱한환상,male,35
a2172,부지런한웃음소리,male,34
a2173,자유로운숲속,male,24
a2174,섬세한금화,female,32
a2175,심플한시선,male,25
a2176,놀라운악마,male,27
a2177,건강한손끝,male,26
a2178,끈질긴드라마,male,46
a2179,창의적인무역상,female,21
a2180,차가운인디고,female,44
a2181,독립적인독립,male,35
a2182,용감한전략가,male,21
a2183,포근한아름다움,male,35
a2184,엉뚱한영감,male,42
a2185,환상적인악마,female,40
a2186,고요한여행,male,29
a2187,포근한고요함,male,34
a2188,대담한초록나무,female,42
a2189,섬세한드래곤,male,28
a2190,창의적인열매,male,21
a2191,독특한사슴,male,22
a2192,부지런한손끝,female,46
a2193,소중한스파이,male,41
a2194,예쁜고요함,male,31
a2195,열렬한항해자,male,25
a2196,신선한독립,male,26
a2197,창의적인히어로,male,47
a2198,포근한여행자,female,43
a2199,건강한인디고,male,23
a2200,유쾌한마법의숲,female,46
a2201,예쁜해변,male,38
a2202,점잖은아티스트,female,36
a2203,다정한드래곤,male,47
a2204,엉뚱한대지,male,41
a2205,자유로운고요한,female,31
a2206,무지한고양이,male,18
a2207,귀여운전사,male,18
a2208,화려한웃음소리,female,39
a2209,성공한인디고,female,29
a2210,밝은역사,female,45
a2211,도전적인대지,female,45
a2212,열심히하는사슴,male,39
a2213,차분한볼거리,female,39
a2214,성실한웃음소리,female,18
a2215,촉망받는숲의정령,male,45
a2216,청결한달빛,female,26
a2217,고요한별,male,37
a2218,심플한자유,male,27
a2219,엉뚱한시간여행,male,39
a2220,예쁜모험,male,31
a2221,끈질긴심연,male,33
a2222,엉뚱한바다소년,male,20
a2223,소중한세계,female,22
a2224,평온한고요함,male,33
a2225,열심히하는황금,male,22
a2226,차분한야상곰,female,34
a2227,열심히하는시선,female,43
a2228,열심히하는모험가,female,44
a2229,실용적인숲의정령,female,21
a2230,끈질긴새벽,female,38
a2231,엉뚱한독립,male,25
a2232,포근한역사,male,21
a2233,자유로운코믹,female,22
a2234,화기애애한악마,female,47
a2235,기발한무한,male,48
a2236,밝은열기,female,47
a2237,고요한대학생,female,38
a2238,솔직한대지,male,35
a2239,활발한풍경,male,47
a2240,자유로운명상가,male,21
a2241,정직한스릴러,male,25
a2242,고요한독립,female,26
a2243,정직한탐험가,male,23
a2244,풍부한아름다움,male,42
a2245,활발한여왕,male,20
a2246,성실한도전,male,47
a2247,신선한음악가,female,25
a2248,부지런한불꽃,female,43
a2249,다정한바다소년,male,30
a2250,황홀한독립,female,20
a2251,활기찬모험가,male,47
a2252,낭만적인판타지,female,36
a2253,섬세한열정,female,46
a2254,촉망받는현실,male,42
a2255,자유로운사슴,male,38
a2256,촉망받는대지,male,23
a2257,엉뚱한자유,female,27
a2258,열심히하는손끝,female,45
a2259,무지한세계,female,24
a2260,유연한고요함,female,45
a2261,평온한자유자재,male,36
a2262,실용적인웃음소리,male,18
a2263,활기찬무한,male,22
a2264,균형잡힌볼거리,male,25
a2265,고요한고요함,male,38
a2266,밝은모험,female,31
a2267,소란스러운아티스트,female,31
a2268,균형잡힌음악애호가,male,27
a2269,천진난만한무역상,male,29
a2270,열렬한미스터리,male,45
a2271,독특한탐험가,female,24
a2272,현실적인의문의,female,20
a2273,소란스러운시간여행,female,30
a2274,차가운외계인,female,19
a2275,도전적인해적,female,46
a2276,적극적인무서운,male,18
a2277,대담한스릴러,female,45
a2278,특별한드래곤,female,39
a2279,독특한볼거리,male,36
a2280,포근한영웅,male,34
a2281,현실적인스파이,male,24
a2282,환상적인음악,male,41
a2283,부지런한세계,male,38
a2284,무지한손끝,male,37
a2285,귀여운숲속,male,47
a2286,천진난만한손끝,female,33
a2287,화려한대지,male,20
a2288,고요한무한,male,25
a2289,점잖은명상가,male,21
a2290,소란스러운달빛,male,24
a2291,천진난만한음악자,male,30
a2292,놀라운시간여행,female,31
a2293,열렬한대학생,male,27
a2294,고요한볼거리,female,35
a2295,활기찬마법의숲,female,40
a2296,자유로운열매,female,47
a2297,열정적인드라마,male,39
a2298,생생한음악,male,44
a2299,미소짓는미스터리,male,26
a2300,포근한사슴,male,21
a2301,유쾌한대학생,female,42
a2302,부드러운성검사,female,35
a2303,담백한밤하늘,female,21
a2304,열심히하는숲의정령,male,43
a2305,성실한심연,male,21
a2306,환상적인숲속,female,35
a2307,자유로운의문의,female,37
a2308,영롱한스토리,male,18
a2309,독특한명상가,male,19
a2310,독특한마법사,male,22
a2311,끈질긴열정,female,33
a2312,감성적인스릴러,female,43
a2313,차가운스케이트,male,39
a2314,차가운아름다움,female,35
a2315,평온한스릴러,male,25
a2316,환상적인플라워,female,23
a2317,촉망받는야상곰,female,21
a2318,용감한코믹,female,18
a2319,생생한판타지,female,18
a2320,점잖은유령,male,34
a2321,신나는미로,female,25
a2322,활기찬판타지,female,26
a2323,도전적인심연,male,38
a2324,기발한음악애호가,female,39
a2325,우아한플라워,female,21
a2326,부드러운탐험,male,39
a2327,낭만적인음악,female,34
a2328,기발한영웅,female,31
a2329,신비로운탐험가,female,40
a2330,엉뚱한밤하늘,male,27
a2331,감각적인거북이,male,43
a2332,감성적인항해자,male,43
a2333,냉정한여행,male,19
a2334,유연한숲속,male,33
a2335,활발한세계,female,37
a2336,성실한음악,male,31
a2337,화려한모험,female,39
a2338,자유로운음악가,male,47
a2339,용감한스케이트,female,23
a2340,포근한미소,female,21
a2341,소중한무서운,female,28
a2342,담백한음악가,male,43
a2343,활발한탐험,male,34
a2344,소중한스케이트,male,43
a2345,소란스러운전략가,female,48
a2346,화기애애한도전,female,34
a2347,다정한해적,male,36
a2348,소중한고요한,male,31
a2349,독특한대지,male,28
a2350,열정적인새벽,female,20
a2351,열심히하는플라워,male,36
a2352,환상적인아름다움,female,31
a2353,예쁜열매,male,45
a2354,무지한고요함,female,23
a2355,우아한고양이,female,20
a2356,점잖은숲의정령,male,20
a2357,귀중한고양이,female,28
a2358,고요한열매,female,23
a2359,차분한숲속,male,18
a2360,활발한우주선,male,38
a2361,영롱한대학생,female,20
a2362,독립적인스토리,female,20
a2363,화기애애한탐험가,female,47
a2364,유쾌한대장,male,38
a2365,용감한음악자,male,40
a2366,차가운새벽,female,35
a2367,신비로운야상곰,female,37
a2368,현실적인숲의정령,female,34
a2369,성공한마법사,female,39
a2370,포근한황금,female,47
a2371,화려한판타지,male,31
a2372,끈질긴고요한,female,20
a2373,미소짓는판타지,male,19
a2374,유연한해변,female,29
a2375,도전적인황금,male,18
a2376,성공한마법의숲,female,30
a2377,생생한웃음소리,female,20
a2378,촉망받는금화,female,33
a2379,냉정한히어로,male,19
a2380,균형잡힌스토리,male,28
a2381,우아한역사,female,23
a2382,끈질긴의문의,male,24
a2383,귀중한음악애호가,female,18
a2384,황홀한달빛,female,31
a2385,신비로운고요한,male,24
a2386,차분한달빛,female,42
a2387,감성적인플라워,female,20
a2388,열정적인고양이,female,18
a2389,열심히하는초록나무,male,25
a2390,예쁜해적,female,36
a2391,정직한대지,female,25
a2392,귀중한영감,female,38
a2393,생생한꿈,male,22
a2394,밝은아티스트,female,38
a2395,귀중한사슴,male,40
a2396,신선한볼거리,female,38
a2397,차분한마법사,male,32
a2398,놀라운히어로,male,18
a2399,성실한스릴러,female,33
a2400,심플한스케이트,male,24
a2401,특별한대지,male,32
a2402,솔직한대장,female,36
a2403,특별한음악애호가,male,46
a2404,특별한비행사,female,46
a2405,적극적인달빛,female,46
a2406,독특한스토리,female,32
a2407,감각적인영웅,female,36
a2408,부지런한음악가,male,36
a2409,도전적인대장,female,25
a2410,열렬한열매,female,23
a2411,솔직한여왕,female,45
a2412,활기찬열매,male,48
a2413,소란스러운비행사,male,34
a2414,화기애애한의문의,female,40
a2415,섬세한여왕,male,18
a2416,정직한우주선,female,32
a2417,활기찬고요함,male,40
a2418,부드러운환상,male,36
a2419,미소짓는자유,female,36
a2420,미소짓는대장,male,44
a2421,유연한바다소년,male,42
a2422,용감한달빛,male,31
a2423,황홀한현실,male,37
a2424,밝은드래곤,male,18
a2425,감각적인아티스트,male,31
a2426,냉정한숲속,male,28
a2427,부지런한성검사,male,35
a2428,소란스러운야상곰,female,19
a2429,낭만적인아름다움,male,40
a2430,고요한해적,female,44
a2431,신나는자유,female,41
a2432,활발한대장,female,35
a2433,다정한음악가,female,32
a2434,청결한여왕,female,25
a2435,냉정한역사,female,45
a2436,천진난만한고요함,male,27
a2437,신선한스케이트,male,28
a2438,도전적인고요함,female,48
a2439,놀라운도전,male,20
a2440,독립적인바다소년,male,36
a2441,담백한희망,female,41
a2442,열렬한꿈,male,18
a2443,예쁜탐험,female,24
a2444,예쁜야상곰,male,36
a2445,환상적인무한,female,21
a2446,도전적인원더우먼,male,28
a2447,환상적인미스터리,female,26
a2448,신비로운숲의정령,female,38
a2449,열정적인환상,female,29
a2450,촉망받는역사,male,27
a2451,실용적인별,male,22
a2452,점잖은미소,male,23
a2453,섬세한대장,female,18
a2454,특별한코믹,female,27
a2455,기발한황금,female,38
a2456,감각적인열정,female,31
a2457,고요한숲속,female,30
a2458,열심히하는세계,male,27
a2459,담백한음악자,male,48
a2460,생생한숲의정령,male,40
a2461,소중한고요함,female,40
a2462,활발한초록나무,female,24
a2463,낭만적인독립,male,37
a2464,활발한불꽃,male,28
a2465,부지런한해적,male,48
a2466,고요한마법,female,43
a2467,솔직한숲속,female,44
a2468,열심히하는아티스트,male,33
a2469,독립적인무한,female,25
a2470,포근한천국,male,33
a2471,청결한음악,female,42
a2472,독특한초록나무,male,42
a2473,솔직한모험가,male,31
a2474,놀라운미스터리,female,41
a2475,차분한고양이,female,45
a2476,밝은유령,female,31
a2477,소란스러운별,female,37
a2478,엉뚱한해변,female,40
a2479,유연한미소,male,23
a2480,독립적인볼거리,male,23
a2481,포근한대장,female,34
a2482,다정한심연,female,39
a2483,무지한아름다움,female,26
a2484,포근한스토리,male,31
a2485,균형잡힌모험가,female,28
a2486,우아한아름다움,female,19
a2487,솔직한달빛,female,30
a2488,풍부한역사,female,19
a2489,촉망받는고양이,female,32
a2490,감각적인음악애호가,female,21
a2491,자유로운모험가,male,32
a2492,감각적인영감,male,45
a2493,실용적인아름다움,male,26
a2494,환상적인희망,male,19
a2495,도전적인꿈,male,36
a2496,풍부한마법,female,18
a2497,놀라운영감,male,38
a2498,차가운히어로,male,37
a2499,열정적인미소,female,28
a2500,환상적인유령,male,24
a2501,차분한스릴러,female,45
a2502,무지한무한,female,48
a2503,성실한바다소년,male,39
a2504,고요한이야기,female,35
a2505,냉정한아름다움,male,45
a2506,활기찬항해자,female,48
a2507,현실적인초록나무,female,34
a2508,성공한마법,female,20
a2509,소중한음악가,female,30
a2510,낭만적인스릴러,female,38
a2511,부지런한대학생,male,20
a2512,도전적인이야기,male,44
a2513,열렬한모험가,female,41
a2514,부드러운대지,male,45
a2515,다정한볼거리,male,21
a2516,감성적인로맨틱,female,44
a2517,성공한열기,male,39
a2518,평온한거북이,male,25
a2519,부드러운아름다움,female,48
a2520,소란스러운사슴,female,44
a2521,낭만적인무역상,male,33
a2522,낭만적인무한,male,41
a2523,포근한플라워,female,34
a2524,대담한도전,female,31
a2525,대담한마법사,female,18
a2526,환상적인달빛,female,23
a2527,엉뚱한고요한,female,36
a2528,심플한음악,female,46
a2529,정직한새벽,male,36
a2530,포근한초록나무,female,29
a2531,실용적인우주선,female,47
a2532,건강한마법,female,23
a2533,신나는대장,female,46
a2534,평온한마법사,female,26
a2535,섬세한유령,female,48
a2536,황홀한스릴러,male,26
a2537,끈질긴손끝,male,18
a2538,우아한숲속,male,29
a2539,담백한별,female,35
a2540,성실한열기,female,38
a2541,우아한숲의정령,female,22
a2542,열심히하는판타지,male,28
a2543,황홀한사슴,male,24
a2544,신선한드래곤,male,41
a2545,유연한해적,female,19
a2546,점잖은독립,male,37
a2547,부지런한고요한,male,18
a2548,놀라운해변,female,31
a2549,균형잡힌해적,male,35
a2550,감각적인여행자,female,22
a2551,미소짓는심연,male,24
a2552,담백한자유,female,48
a2553,감각적인심연,male,21
a2554,무지한성검사,male,18
a2555,평온한히어로,female,35
a2556,유연한여행,female,36
a2557,신선한고요한,female,25
a2558,기발한열기,female,44
a2559,적극적인비밀요원,male,43
a2560,솔직한마법사,male,40
a2561,기발한악마,male,37
a2562,끈질긴모험,male,27
a2563,유쾌한시간여행,male,46
a2564,생생한성검사,female,35
a2565,평온한원더우먼,female,23
a2566,풍부한해적,male,20
a2567,기발한고요함,female,43
a2568,열정적인대학생,male,24
a2569,다정한대장,female,31
a2570,신비로운해변,male,31
a2571,유쾌한별,female,39
a2572,무지한이야기,male,43
a2573,섬세한초록나무,male,24
a2574,고요한전략가,female,36
a2575,창의적인모험,male,32
a2576,섬세한로맨틱,female,34
a2577,풍부한드래곤,female,27
a2578,열렬한유령,male,36
a2579,정직한별,male,43
a2580,기발한원더우먼,female,28
a2581,황홀한영감,male,27
a2582,감각적인인디고,female,36
a2583,생생한여행,male,45
a2584,창의적인성검사,male,27
a2585,끈질긴감시자,female,34
a2586,균형잡힌시간여행,male,35
a2587,부지런한명상가,male,33
a2588,포근한모험,female,27
a2589,고요한도전,female,41
a2590,독립적인드래곤,female,41
a2591,다정한희망,female,33
a2592,끈질긴대지,male,34
a2593,담백한모험,male,43
a2594,화기애애한천국,male,22
a2595,유쾌한무서운,male,28
a2596,귀여운성검사,female,43
a2597,무지한비행사,female,30
a2598,우아한금화,male,31
a2599,예쁜탐험가,male,33
a2600,엉뚱한세계,male,46
a2601,차가운영감,female,48
a2602,자유로운원더우먼,male,44
a2603,다정한환상,female,41
a2604,감각적인풍경,female,32
a2605,냉정한열정,female,29
a2606,부드러운초록나무,female,35
a2607,부드러운열기,male,42
a2608,차가운황금,male,46
a2609,열심히하는금화,female,48
a2610,건강한꿈,female,38
a2611,청결한사슴,female,47
a2612,창의적인심연,male,39
a2613,실용적인인디고,female,20
a2614,화기애애한감시자,female,45
a2615,차분한전략가,male,30
a2616,신선한해변,male,46
a2617,밝은원더우먼,female,32
a2618,열심히하는여행,female,45
a2619,화려한모험가,male,32
a2620,풍부한원더우먼,female,28
a2621,독특한새벽,male,18
a2622,활발한스토리,male,32
a2623,신비로운연주가,male,43
a2624,귀중한새벽,male,31
a2625,신비로운드래곤,female,23
a2626,소중한명상가,female,31
a2627,감각적인사슴,male,47
a2628,차분한세계,male,38
a2629,담백한풍경,female,32
a2630,점잖은모험,female,20
a2631,정직한영감,male,44
a2632,우아한미로,female,48
a2633,평온한인디고,female,20
a2634,기발한스토리,female,29
a2635,냉정한독립,male,26
a2636,예쁜대장,female,41
a2637,현실적인이상,female,40
a2638,유쾌한희망,male,24
a2639,적극적인별,female,36
a2640,청결한초록나무,male,33
a2641,독립적인열정,male,25
a2642,부드러운고요한,female,39
a2643,솔직한불꽃,male,39
a2644,차분한모험,female,23
a2645,독립적인미로,male,21
a2646,기발한금화,female,26
a2647,차분한판타지,female,31
a2648,활발한로맨틱,male,38
a2649,섬세한음악애호가,male,40
a2650,촉망받는의문의,male,40
a2651,다정한드라마,male,41
a2652,다정한대지,female,35
a2653,도전적인영웅,female,41
a2654,열렬한역사,female,25
a2655,도전적인사슴,male,39
a2656,화기애애한여왕,male,22
a2657,심플한대장,male,35
a2658,놀라운코믹,male,46
a2659,건강한미소,male,36
a2660,도전적인도전,male,29
a2661,생생한해변,male,25
a2662,감각적인숲속,female,34
a2663,차분한역사,female,30
a2664,열정적인숲의정령,female,35
a2665,실용적인새벽,male,43
a2666,차분한스토리,female,31
a2667,성실한아름다움,male,39
a2668,부드러운고양이,male,39
a2669,균형잡힌비행사,female,26
a2670,끈질긴금화,female,18
a2671,활기찬유령,male,44
a2672,감성적인외계인,male,36
a2673,기발한무서운,female,48
a2674,소중한히어로,male,18
a2675,예쁜여행자,female,45
a2676,다정한마법의숲,female,43
a2677,고요한모험가,male,31
a2678,현실적인역사,male,26
a2679,감성적인희망,male,37
a2680,창의적인여왕,male,27
a2681,성실한외계인,female,22
a2682,성공한열정,female,41
a2683,유연한전사,female,33
a2684,현실적인밤하늘,male,44
a2685,냉정한시선,female,40
a2686,열렬한마법사,male,19
a2687,끈질긴탐험가,female,25
a2688,열심히하는연주가,female,24
a2689,밝은여행,male,28
a2690,화려한아름다움,female,44
a2691,평온한시간여행,female,26
a2692,미소짓는희망,female,47
a2693,활발한코믹,male,33
a2694,미소짓는드라마,female,45
a2695,솔직한음악애호가,male,35
a2696,열렬한로맨틱,male,47
a2697,무지한로맨틱,male,29
a2698,신선한황금,female,40
a2699,예쁜코믹,male,30
a2700,천진난만한마법의숲,male,37
a2701,실용적인스릴러,female,31
a2702,생생한별,female,46
a2703,적극적인밤하늘,male,35
a2704,성실한음악자,female,31
a2705,창의적인악마,male,35
a2706,도전적인천국,male,31
a2707,부드러운로맨틱,female,20
a2708,포근한마법,male,19
a2709,청결한바다소년,male,24
a2710,끈질긴현실,male,46
a2711,화려한세계,male,22
a2712,차분한외계인,male,47
a2713,자유로운이상,male,22
a2714,대담한음악애호가,male,33
a2715,냉정한미로,male,22
a2716,우아한드래곤,male,31
a2717,현실적인미소,female,21
a2718,신선한야상곰,male,22
a2719,점잖은희망,male,23
a2720,열정적인열매,male,29
a2721,밝은모험가,female,18
a2722,우아한여행,male,48
a2723,용감한미소,female,40
a2724,부드러운세계,male,28
a2725,현실적인스토리,male,48
a2726,적극적인무한,male,34
a2727,섬세한스케이트,female,21
a2728,열렬한도전,female,26
a2729,성공한무역상,male,34
a2730,엉뚱한모험가,male,48
a2731,놀라운열매,female,46
a2732,감각적인음악자,male,35
a2733,담백한무서운,female,27
a2734,청결한여행,male,44
a2735,담백한아티스트,male,18
a2736,고요한대지,male,45
a2737,독립적인여행,male,32
a2738,다정한의문의,female,38
a2739,유연한감시자,male,20
a2740,엉뚱한숲속,male,21
a2741,성실한영웅,female,36
a2742,부드러운스토리,female,33
a2743,정직한판타지,female,31
a2744,차가운의문의,female,35
a2745,신선한이야기,female,38
a2746,도전적인로맨틱,female,27
a2747,독특한금화,male,42
a2748,정직한감시자,female,38
a2749,대담한바다소년,female,22
a2750,신선한고요함,male,47
a2751,냉정한환상,female,21
a2752,부지런한무서운,male,46
a2753,화기애애한스토리,female,41
a2754,밝은야상곰,male,37
a2755,기발한감시자,female,32
a2756,다정한시간여행,male,45
a2757,천진난만한유령,female,24
a2758,황홀한탐험가,male,18
a2759,무지한초록나무,male,22
a2760,밝은바다소년,male,37
a2761,냉정한해변,male,40
a2762,밝은별,male,41
a2763,특별한여행,female,43
a2764,소중한감시자,female,24
a2765,창의적인대장,male,24
a2766,유쾌한세계,female,25
a2767,차분한원더우먼,male,41
a2768,특별한고요함,female,30
a2769,생생한의문의,female,40
a2770,부지런한자유,male,24
a2771,엉뚱한현실,male,34
a2772,다정한원더우먼,male,35
a2773,점잖은볼거리,female,34
a2774,무지한희망,female,42
a2775,포근한숲속,male,47
a2776,예쁜황금,male,42
a2777,감각적인고양이,male,47
a2778,감성적인비밀요원,male,30
a2779,균형잡힌명상가,male,24
a2780,기발한볼거리,female,30
a2781,화려한로맨틱,male,47
a2782,환상적인대학생,female,45
a2783,화려한여행,male,40
a2784,환상적인여행자,male,48
a2785,생생한영웅,male,39
a2786,낭만적인황금,male,35
a2787,청결한무역상,female,20
a2788,독특한도전,female,43
a2789,열렬한감시자,female,23
a2790,생생한새벽,male,25
a2791,성공한전략가,male,23
a2792,실용적인대장,female,22
a2793,놀라운유령,male,34
a2794,포근한볼거리,male,21
a2795,냉정한밤하늘,male,46
a2796,무지한천국,female,18
a2797,솔직한현실,female,43
a2798,감성적인드라마,female,38
a2799,실용적인드라마,female,24
a2800,영롱한탐험가,female,30
a2801,무지한숲속,female,22
a2802,우아한명상가,female,18
a2803,성실한열정,male,35
a2804,현실적인사슴,female,37
a2805,담백한손끝,male,24
a2806,담백한마법의숲,female,32
a2807,풍부한도전,male,42
a2808,대담한아름다움,female,29
a2809,감각적인미로,female,21
a2810,부드러운전사,male,25
a2811,건강한코믹,female,32
a2812,냉정한드라마,female,36
a2813,담백한스케이트,male,34
a2814,청결한새벽,male,20
a2815,균형잡힌심연,female,39
a2816,성실한감시자,female,32
a2817,차분한열정,male,39
a2818,무지한스토리,female,31
a2819,건강한악마,male,40
a2820,균형잡힌비밀요원,female,36
a2821,청결한명상가,male,36
a2822,성공한볼거리,male,40
a2823,소란스러운마법,female,48
a2824,자유로운미소,male,36
a2825,점잖은무한,female,44
a2826,평온한이야기,female,23
a2827,감성적인심연,female,26
a2828,성실한마법사,male,34
a2829,포근한대지,female,23
a2830,창의적인탐험가,male,26
a2831,화려한열매,male,25
a2832,성실한플라워,male,28
a2833,촉망받는모험,male,30
a2834,열심히하는비행사,female,27
a2835,신선한무서운,male,30
a2836,솔직한시간여행,female,18
a2837,부지런한음악애호가,female,21
a2838,용감한시간여행,female,39
a2839,신나는스케이트,female,35
a2840,담백한금화,male,22
a2841,무지한밤하늘,male,29
a2842,솔직한바다소년,male,47
a2843,소란스러운미로,female,46
a2844,놀라운비밀요원,male,38
a2845,부지런한미로,female,39
a2846,소란스러운시선,female,43
a2847,신비로운대지,male,26
a2848,엉뚱한도전,male,38
a2849,자유로운독립,male,25
a2850,천진난만한감시자,female,48
a2851,담백한감시자,female,19
a2852,기발한대장,male,31
a2853,놀라운음악가,male,38
a2854,점잖은황금,male,41
a2855,미소짓는모험,female,18
a2856,특별한희망,female,18
a2857,차분한무한,male,44
a2858,감성적인해변,female,25
a2859,귀여운고요한,male,42
a2860,촉망받는판타지,male,35
a2861,냉정한도전,female,32
a2862,담백한여행자,female,21
a2863,풍부한스파이,female,42
a2864,균형잡힌열매,female,34
a2865,신나는히어로,male,21
a2866,감각적인손끝,male,47
a2867,자유로운여행,female,26
a2868,창의적인황금,male,40
a2869,성실한미로,male,40
a2870,황홀한꿈,male,38
a2871,점잖은대장,female,42
a2872,환상적인여왕,female,46
a2873,열심히하는유령,male,31
a2874,신나는미스터리,female,21
a2875,화기애애한거북이,male,29
a2876,담백한판타지,male,48
a2877,정직한외계인,female,22
a2878,감성적인초록나무,male,22
a2879,촉망받는아름다움,female,33
a2880,고요한심연,female,36
a2881,대담한모험가,male,25
a2882,무지한자유자재,female,43
a2883,기발한불꽃,female,29
a2884,풍부한무서운,male,21
a2885,담백한전사,male,35
a2886,신비로운영감,male,40
a2887,감각적인모험가,female,24
a2888,귀여운세계,female,44
a2889,실용적인대지,male,46
a2890,신비로운유령,female,34
a2891,끈질긴시간여행,female,27
a2892,풍부한열매,male,18
a2893,솔직한코믹,female,29
a2894,신선한숲속,female,29
a2895,촉망받는명상가,male,29
a2896,창의적인스릴러,male,20
a2897,심플한꿈,male,25
a2898,풍부한밤하늘,female,28
a2899,유쾌한미로,female,25
a2900,놀라운희망,female,20
a2901,부드러운히어로,male,43
a2902,영롱한비밀요원,male,42
a2903,활발한시선,female,44
a2904,평온한숲속,female,41
a2905,생생한야상곰,male,25
a2906,끈질긴여행자,female,43
a2907,독립적인의문의,female,22
a2908,건강한음악애호가,female,36
a2909,용감한웃음소리,female,32
a2910,무지한의문의,female,47
a2911,감각적인유령,female,36
a2912,정직한여왕,male,33
a2913,유연한천국,female,46
a2914,평온한탐험,male,36
a2915,화려한열정,male,30
a2916,평온한고양이,male,44
a2917,열렬한드래곤,male,41
a2918,정직한비밀요원,male,30
a2919,촉망받는스토리,female,28
a2920,평온한현실,female,27
a2921,성공한스케이트,female,35
a2922,감성적인불꽃,male,46
a2923,우아한음악자,male,40
a2924,밝은금화,female,43
a2925,유연한열기,male,28
a2926,대담한금화,female,31
a2927,열렬한비행사,male,24
a2928,소중한원더우먼,female,42
a2929,놀라운독립,male,23
a2930,화기애애한연주가,male,45
a2931,낭만적인볼거리,female,42
a2932,차분한명상가,male,28
a2933,귀중한항해자,female,19
a2934,엉뚱한달빛,male,44
a2935,유연한밤하늘,male,46
a2936,신선한현실,male,37
a2937,엉뚱한플라워,female,22
a2938,섬세한밤하늘,female,20
a2939,신비로운마법사,female,23
a2940,생생한플라워,male,47
a2941,청결한천국,female,34
a2942,화기애애한무한,female,29
a2943,독특한음악,male,21
a2944,다정한현실,female,20
a2945,황홀한비밀요원,female,20
a2946,신나는음악자,male,25
a2947,포근한풍경,male,34
a2948,풍부한해변,male,18
a2949,성실한모험,female,22
a2950,화기애애한불꽃,female,18
a2951,성공한대지,male,21
a2952,용감한자유,female,45
a2953,감각적인야상곰,female,24
a2954,끈질긴탐험,male,40
a2955,소중한웃음소리,female,36
a2956,끈질긴희망,female,19
a2957,활기찬해변,male,32
a2958,활기찬희망,female,43
a2959,부드러운마법사,male,20
a2960,신나는연주가,female,36
a2961,대담한달빛,male,30
a2962,도전적인환상,female,22
a2963,정직한황금,male,28
a2964,귀중한고요한,male,46
a2965,냉정한심연,female,45
a2966,청결한모험가,female,46
a2967,신비로운초록나무,female,21
a2968,부지런한탐험가,female,29
a2969,신선한영감,male,42
a2970,황홀한이야기,male,46
a2971,영롱한해적,male,18
a2972,대담한풍경,female,37
a2973,점잖은시간여행,male,24
a2974,소란스러운히어로,male,43
a2975,부지런한악마,male,45
a2976,황홀한항해자,male,47
a2977,특별한무역상,male,19
a2978,열심히하는미스터리,male,39
a2979,대담한무한,male,23
a2980,우아한독립,female,43
a2981,냉정한모험,female,41
a2982,독립적인항해자,female,43
a2983,심플한비밀요원,female,20
a2984,황홀한탐험,female,43
a2985,부지런한달빛,male,31
a2986,천진난만한탐험가,male,40
a2987,귀중한밤하늘,male,27
a2988,기발한플라워,female,35
a2989,부드러운전략가,female,24
a2990,섬세한미로,male,44
a2991,열렬한숲의정령,male,24
a2992,청결한연주가,male,29
a2993,정직한여행자,female,35
a2994,부지런한이야기,female,22
a2995,우아한대학생,female,21
a2996,생생한미로,female,21
a2997,신선한자유,male,29
a2998,엉뚱한고요함,female,39
a2999,무지한음악자,female,27
a3000,열렬한세계,female,20
